ID	Description	setSize	enrichmentScore	NES	pvalue	p.adjust
HALLMARK_INTERFERON_GAMMA_RESPONSE	HALLMARK_INTERFERON_GAMMA_RESPONSE	161	-0.6070387282480282	-2.368525614447345	8.576726358306381e-15	4.2883631791531904e-13
HALLMARK_INTERFERON_ALPHA_RESPONSE	HALLMARK_INTERFERON_ALPHA_RESPONSE	95	-0.6342617241308762	-2.287343922488996	5.584533948498965e-10	9.954044137687054e-9
HALLMARK_MTORC1_SIGNALING	HALLMARK_MTORC1_SIGNALING	193	-0.520026410917679	-2.0752560872691803	5.972426482612231e-10	9.954044137687054e-9
HALLMARK_CHOLESTEROL_HOMEOSTASIS	HALLMARK_CHOLESTEROL_HOMEOSTASIS	70	-0.5958888695928439	-2.0555255684602867	2.157977488936128e-6	2.157977488936128e-5
HALLMARK_INFLAMMATORY_RESPONSE	HALLMARK_INFLAMMATORY_RESPONSE	139	-0.4961643857518725	-1.907090442762463	1.7274776674639752e-6	2.157977488936128e-5
HALLMARK_G2M_CHECKPOINT	HALLMARK_G2M_CHECKPOINT	197	-0.44951368253196317	-1.7992947970386848	3.2395259964432214e-6	2.699604997036018e-5
HALLMARK_PROTEIN_SECRETION	HALLMARK_PROTEIN_SECRETION	95	-0.5181048069809132	-1.8684461577498426	4.2564772349620065e-5	3.040340882115719e-4
HALLMARK_ALLOGRAFT_REJECTION	HALLMARK_ALLOGRAFT_REJECTION	123	-0.46408138472282645	-1.7403318796712928	1.1855708632945739e-4	6.586504796080966e-4
HALLMARK_MYC_TARGETS_V1	HALLMARK_MYC_TARGETS_V1	198	-0.40821597857114245	-1.6323998729287206	1.1276384514995312e-4	6.586504796080966e-4
HALLMARK_IL6_JAK_STAT3_SIGNALING	HALLMARK_IL6_JAK_STAT3_SIGNALING	64	-0.5310780974726083	-1.806242377537174	2.1829512963415407e-4	9.92250589246155e-4
HALLMARK_COMPLEMENT	HALLMARK_COMPLEMENT	156	-0.4267566106873975	-1.6654594080791207	2.113790291236419e-4	9.92250589246155e-4
HALLMARK_UV_RESPONSE_DN	HALLMARK_UV_RESPONSE_DN	137	-0.4352546278269848	-1.6746138725790047	3.162722369165563e-4	0.001317800987152318
HALLMARK_IL2_STAT5_SIGNALING	HALLMARK_IL2_STAT5_SIGNALING	160	-0.40929489465191177	-1.594468989940453	4.484074669523213e-4	0.0017246441036627743
HALLMARK_EPITHELIAL_MESENCHYMAL_TRANSITION	HALLMARK_EPITHELIAL_MESENCHYMAL_TRANSITION	177	0.3514572534085887	1.536608504812527	9.852230895757077e-4	0.0035186538913418134
HALLMARK_E2F_TARGETS	HALLMARK_E2F_TARGETS	200	-0.38531697919072416	-1.5418794538136553	0.0012639018496263567	0.004213006165421189
HALLMARK_SPERMATOGENESIS	HALLMARK_SPERMATOGENESIS	80	-0.4576301504361531	-1.6214841837652418	0.00225718754255765	0.007053711070492657
HALLMARK_OXIDATIVE_PHOSPHORYLATION	HALLMARK_OXIDATIVE_PHOSPHORYLATION	199	0.31353755587001203	1.383960133470275	0.0033874428249176984	0.009963067132110879
HALLMARK_GLYCOLYSIS	HALLMARK_GLYCOLYSIS	182	-0.36730159187329525	-1.4545201332911206	0.0045208411746309315	0.012557892151752587
HALLMARK_TNFA_SIGNALING_VIA_NFKB	HALLMARK_TNFA_SIGNALING_VIA_NFKB	179	-0.36658603983777605	-1.4450013153149597	0.008276466291768866	0.02178017445202333
HALLMARK_APICAL_JUNCTION	HALLMARK_APICAL_JUNCTION	167	0.31524595606043837	1.3579372045190836	0.01419668248434419	0.03549170621086047
HALLMARK_ANDROGEN_RESPONSE	HALLMARK_ANDROGEN_RESPONSE	94	-0.4027305064821341	-1.4534361662044775	0.015503983392629083	0.03666392169479909
HALLMARK_HYPOXIA	HALLMARK_HYPOXIA	176	0.3139610491766744	1.3683955741586546	0.016132125545711598	0.03666392169479909
HALLMARK_PI3K_AKT_MTOR_SIGNALING	HALLMARK_PI3K_AKT_MTOR_SIGNALING	95	-0.40403544741262176	-1.457076771226835	0.021647699279835602	0.04706021582572957
HALLMARK_APOPTOSIS	HALLMARK_APOPTOSIS	143	-0.35886015373982055	-1.3844330937256628	0.023671696941837305	0.04931603529549439
HALLMARK_MYOGENESIS	HALLMARK_MYOGENESIS	142	0.3186417946796769	1.344538296016475	0.025019444659852865	0.05003888931970573
HALLMARK_HEME_METABOLISM	HALLMARK_HEME_METABOLISM	169	-0.3380300470823935	-1.3182636600535451	0.0453257790368272	0.08716495968620615
HALLMARK_UNFOLDED_PROTEIN_RESPONSE	HALLMARK_UNFOLDED_PROTEIN_RESPONSE	110	-0.34921994744549606	-1.289906335921034	0.07647058823529412	0.14161220043572986
HALLMARK_KRAS_SIGNALING_UP	HALLMARK_KRAS_SIGNALING_UP	153	-0.31380364515240944	-1.2190311300322099	0.10734463276836158	0.1916868442292171
HALLMARK_MITOTIC_SPINDLE	HALLMARK_MITOTIC_SPINDLE	199	-0.3002957283746811	-1.2017226006370736	0.11643835616438356	0.20075578649031647
HALLMARK_REACTIVE_OXYGEN_SPECIES_PATHWAY	HALLMARK_REACTIVE_OXYGEN_SPECIES_PATHWAY	45	-0.40179894567229935	-1.2843298254057285	0.1272430668841762	0.21126188348094577
HALLMARK_TGF_BETA_SIGNALING	HALLMARK_TGF_BETA_SIGNALING	53	0.34829441526861304	1.2330410012953879	0.1309823677581864	0.21126188348094577
HALLMARK_WNT_BETA_CATENIN_SIGNALING	HALLMARK_WNT_BETA_CATENIN_SIGNALING	36	0.3892544777178045	1.2630573899562836	0.13701923076923078	0.2140925480769231
HALLMARK_FATTY_ACID_METABOLISM	HALLMARK_FATTY_ACID_METABOLISM	135	-0.3085362612211247	-1.181690760898637	0.15977175463623394	0.2405625462620281
HALLMARK_MYC_TARGETS_V2	HALLMARK_MYC_TARGETS_V2	57	0.3326363022835832	1.1805766782759297	0.16839378238341968	0.2405625462620281
HALLMARK_ADIPOGENESIS	HALLMARK_ADIPOGENESIS	185	-0.29055633672557835	-1.1521097508391598	0.1673582295988935	0.2405625462620281
HALLMARK_ANGIOGENESIS	HALLMARK_ANGIOGENESIS	24	-0.4227860783144426	-1.1877938680422444	0.2275132275132275	0.3085277057879797
HALLMARK_PEROXISOME	HALLMARK_PEROXISOME	93	-0.3177232164007157	-1.14454374730065	0.228310502283105	0.3085277057879797
HALLMARK_DNA_REPAIR	HALLMARK_DNA_REPAIR	145	-0.288064626043732	-1.110394850900745	0.24142857142857144	0.3176691729323309
HALLMARK_NOTCH_SIGNALING	HALLMARK_NOTCH_SIGNALING	30	0.3685790458916758	1.1584757106773238	0.25118483412322273	0.32203183861951634
HALLMARK_BILE_ACID_METABOLISM	HALLMARK_BILE_ACID_METABOLISM	81	-0.3054456213579249	-1.083343098557884	0.31007751937984496	0.3875968992248062
HALLMARK_PANCREAS_BETA_CELLS	HALLMARK_PANCREAS_BETA_CELLS	22	-0.40178193341646484	-1.1056493282619348	0.3279569892473118	0.39042498719918073
HALLMARK_P53_PATHWAY	HALLMARK_P53_PATHWAY	192	-0.26350321846993896	-1.052577266502716	0.3237704918032787	0.39042498719918073
HALLMARK_APICAL_SURFACE	HALLMARK_APICAL_SURFACE	33	-0.34317054608361297	-1.0345234014092588	0.3735144312393888	0.4343191060923126
HALLMARK_XENOBIOTIC_METABOLISM	HALLMARK_XENOBIOTIC_METABOLISM	148	-0.26469818708283976	-1.023425693027763	0.40028490028490027	0.44476100031655585
HALLMARK_ESTROGEN_RESPONSE_EARLY	HALLMARK_ESTROGEN_RESPONSE_EARLY	178	0.23003669009565583	1.0064258506237682	0.3924914675767918	0.44476100031655585
HALLMARK_HEDGEHOG_SIGNALING	HALLMARK_HEDGEHOG_SIGNALING	29	-0.33963256673114817	-0.9921625009381153	0.44755244755244755	0.4841478027138184
HALLMARK_COAGULATION	HALLMARK_COAGULATION	93	-0.2746296978021729	-0.9893066896506337	0.4550989345509893	0.4841478027138184
HALLMARK_KRAS_SIGNALING_DN	HALLMARK_KRAS_SIGNALING_DN	106	-0.2685974117727946	-0.9845848626839011	0.4756277695716396	0.4954455933037913
HALLMARK_UV_RESPONSE_UP	HALLMARK_UV_RESPONSE_UP	145	-0.24616154612965954	-0.9488721925566942	0.5785714285714286	0.5903790087463557
HALLMARK_ESTROGEN_RESPONSE_LATE	HALLMARK_ESTROGEN_RESPONSE_LATE	165	-0.240198755465578	-0.937066332822705	0.6099290780141844	0.6099290780141844
