gene_symbol	k	datasets	reml_warning	beta_meta	se_meta	z_meta	p_meta	ci_lb	ci_ub	tau2	Q	Q_pval	I2	beta_fixed	se_fixed	z_fixed	p_fixed	beta_meta_DL	se_meta_DL	p_meta_DL	tau2_DL	FDR_meta	direction	p_meta2	k_eff	n_pos	n_neg	concordance
HTRA3	3	A2780,UWB_BRCAdef,UWB_BRCAprof	FALSE	3.1136320223752554	0.04518193164715225	68.91321173895633	0	3.0250770635948867	3.202186981155624	0	0.16786053466988582	0.9194953727224346	0	3.1136320223752554	0.04518193164715225	68.91321173895633	0	NA	NA	NA	NA	5.8923333333333334e-297	UP	1e-300	3	3	0	1
SERPINB9	3	A2780,UWB_BRCAdef,UWB_BRCAprof	FALSE	-3.312826639041773	0.03385121386831926	-97.86433809814388	0	-3.3791737990566415	-3.2464794790269047	6.270191692057927e-6	1.5695402131729224	0.45622457275497574	3.874705161459265e-4	-3.312822798993267	0.03375860400697813	-98.1326952473652	0	NA	NA	NA	NA	5.8923333333333334e-297	DOWN	1e-300	3	0	3	1
VSIR	3	A2780,UWB_BRCAdef,UWB_BRCAprof	FALSE	1.4042889141946115	0.03837775881585835	36.591217348896755	3.9451762349668506e-291	1.3290698891081647	1.4795079392810584	4.383637176109818e-6	2.768211349230095	0.2505477708568841	0.00205414716345338	1.4042808685925845	0.03832139291856652	36.64482842721037	5.531644444941288e-292	NA	NA	NA	NA	1.7434720076377254e-287	UP	3.9451762349668506e-291	3	3	0	1
PGGHG	3	A2780,UWB_BRCAdef,UWB_BRCAprof	FALSE	-2.461362429286526	0.07166328763917229	-34.346211433664486	1.6043281744330015e-258	-2.6018198920730384	-2.320904966500014	2.380774816209152e-6	1.6962425091208488	0.42821869059546	0.006269192600116	-2.4613682624306428	0.07165116783759544	-34.3521025087767	1.3102007976469068e-258	NA	NA	NA	NA	5.671941827890434e-255	DOWN	1.6043281744330015e-258	3	0	3	1
HPGD	3	A2780,UWB_BRCAdef,UWB_BRCAprof	FALSE	0.752328390100597	0.03555404552414439	21.16013463474075	2.2258613314694405e-99	0.6826437413685765	0.8220130388326176	0	0.4966217590688309	0.7801173830476509	0	0.752328390100597	0.03555404552414439	21.16013463474075	2.2258613314694405e-99	NA	NA	NA	NA	5.620935822340757e-96	UP	2.2258613314694405e-99	3	3	0	1
DNAAF5	3	A2780,UWB_BRCAdef,UWB_BRCAprof	FALSE	0.5445082275622812	0.02749835384218995	19.801484506569174	2.890490405910975e-87	0.49061244439745033	0.5984040107271121	0	1.104963554772204	0.575519724699338	0	0.5445082275622812	0.02749835384218995	19.801484506569174	2.890490405910975e-87	NA	NA	NA	NA	5.6772443228098115e-84	UP	2.890490405910975e-87	3	3	0	1
FOLR1	3	A2780,UWB_BRCAdef,UWB_BRCAprof	FALSE	-3.1050698290208474	0.15934984915569286	-19.485866133371967	1.4470992565495962e-84	-3.417389794307896	-2.792749863733799	0.03673110940574894	3.6788086184770266	0.15891206036399363	46.30894850667514	-3.02053372961128	0.094966123587832	-31.806433868153597	5.2741996420269684e-222	NA	NA	NA	NA	2.5580373558027213e-81	DOWN	1.4470992565495962e-84	3	0	3	1
ATOH8	3	A2780,UWB_BRCAdef,UWB_BRCAprof	FALSE	1.0866942810520488	0.06049778233783409	17.9625473704753	3.828284483132762e-72	0.9681208065253506	1.205267755578747	0	0.33421882552437676	0.8461070313651566	0	1.0866942810520488	0.06049778233783409	17.9625473704753	3.828284483132762e-72	NA	NA	NA	NA	6.152053164394348e-69	UP	3.828284483132762e-72	3	3	0	1
MKRN2OS	3	A2780,UWB_BRCAdef,UWB_BRCAprof	FALSE	1.2335140815778067	0.06935445232581001	17.785650959841245	9.129688282870433e-71	1.097581852851719	1.3694463103038943	0	1.1239931444914868	0.5700697414336473	0	1.2335140815778067	0.06935445232581001	17.785650959841245	9.129688282870433e-71	NA	NA	NA	NA	1.3448791648025052e-67	UP	9.129688282870433e-71	3	3	0	1
GATB	3	A2780,UWB_BRCAdef,UWB_BRCAprof	FALSE	0.6529729742114049	0.03939074448890743	16.576812210169937	1.0252498365179575e-61	0.5757685336889267	0.7301774147338831	0	0.5101129063860664	0.7748727526852287	0	0.6529729742114049	0.03939074448890743	16.576812210169937	1.0252498365179575e-61	NA	NA	NA	NA	1.2082227573418624e-58	UP	1.0252498365179575e-61	3	3	0	1
TWNK	3	A2780,UWB_BRCAdef,UWB_BRCAprof	FALSE	0.5570536026373365	0.03824349789160456	14.565968945001346	4.6238170858735246e-48	0.48209772412695806	0.6320094811477149	0	0.5190275047444913	0.7714265989752831	0	0.5570536026373365	0.03824349789160456	14.565968945001346	4.6238170858735246e-48	NA	NA	NA	NA	4.301853401420331e-45	UP	4.6238170858735246e-48	3	3	0	1
GSTT1	3	A2780,UWB_BRCAdef,UWB_BRCAprof	FALSE	0.501364177308215	0.03510622453879747	14.281347080035191	2.8601873377160733e-46	0.4325572415789957	0.5701711130374343	0	0.8769392764809628	0.6450227843475087	0	0.501364177308215	0.03510622453879747	14.281347080035191	2.8601873377160733e-46	NA	NA	NA	NA	2.4075967413717632e-43	UP	2.8601873377160733e-46	3	3	0	1
PP2D1	4	A2780,PEO1,UWB_BRCAdef,UWB_BRCAprof	FALSE	-0.628580756904047	0.04694512794934617	-13.389690993755224	6.946916521483665e-41	-0.7205915169343902	-0.5365699968737039	9.56687562888902e-7	2.818631944316759	0.4204419445330722	5.195716728993145e-4	-0.628583116374385	0.04693530329214967	-13.39254404007486	6.685103374231743e-41	NA	NA	NA	NA	4.2345049431126465e-38	DOWN	6.946916521483665e-41	4	0	4	1
PEX6	4	A2780,PEO1,UWB_BRCAdef,UWB_BRCAprof	FALSE	0.6449239887299607	0.04834648758230148	13.339624468728774	1.3614361648405928e-40	0.5501666142896369	0.7396813631702845	0	2.0603713645911275	0.55997141317923	0	0.6449239887299607	0.04834648758230148	13.339624468728774	1.3614361648405928e-40	NA	NA	NA	NA	8.022035695295719e-38	UP	1.3614361648405928e-40	4	4	0	1
LSM14A	4	A2780,PEO1,UWB_BRCAdef,UWB_BRCAprof	FALSE	-0.41384689264625296	0.03191656509124441	-12.966523542340166	1.8942880459972065e-38	-0.4764022107353203	-0.35129157455718557	2.125333281188549e-4	2.768217265611111	0.42875868009733703	4.731735867372627	-0.41244010965696887	0.03080102170942925	-13.390468457437784	6.874577328176693e-41	NA	NA	NA	NA	1.0147069633058369e-35	DOWN	1.8942880459972065e-38	4	0	4	1
LCORL	4	A2780,PEO1,UWB_BRCAdef,UWB_BRCAprof	FALSE	-0.5553892590347314	0.04353650400756531	-12.756863962669618	2.854638810537238e-37	-0.6407192389023431	-0.4700592791671197	0	1.9898791345375064	0.574509983294025	0	-0.5553892590347314	0.04353650400756531	-12.756863962669618	2.854638810537238e-37	NA	NA	NA	NA	1.44175572153905e-34	DOWN	2.854638810537238e-37	4	0	4	1
SLC9A3	4	A2780,PEO1,UWB_BRCAdef,UWB_BRCAprof	FALSE	0.6441779586366315	0.05100033295657698	12.630857904106264	1.427137479062128e-36	0.5442191428421894	0.7441367744310736	0	0.7078804827096801	0.8713488332940857	0	0.6441779586366315	0.05100033295657698	12.630857904106264	1.427137479062128e-36	NA	NA	NA	NA	7.007641449272566e-34	UP	1.427137479062128e-36	4	4	0	1
GRN	4	A2780,PEO1,UWB_BRCAdef,UWB_BRCAprof	FALSE	0.5041100794780164	0.04039666062259459	12.479003752009604	9.7195133848167e-36	0.42493407956204365	0.5832860793939892	4.019870179765778e-6	5.9841282587536595	0.11238497833455448	0.02608329590107356	0.5040991610816379	0.04036268265898786	12.489238273397726	8.546800009907725e-36	NA	NA	NA	NA	4.643563191983914e-33	UP	9.7195133848167e-36	4	4	0	1
CAMK2B	3	A2780,UWB_BRCAdef,UWB_BRCAprof	FALSE	0.8594118371400689	0.06919698464844924	12.419787386780715	2.0410318742557567e-35	0.7237882393903373	0.9950354348898004	0	1.0897111484558946	0.5799255334847677	0	0.8594118371400689	0.06919698464844924	12.419787386780715	2.0410318742557567e-35	NA	NA	NA	NA	9.494558010847109e-33	UP	2.0410318742557567e-35	3	3	0	1
MAPK7	4	A2780,PEO1,UWB_BRCAdef,UWB_BRCAprof	FALSE	0.6203665207888612	0.05033139831336701	12.325636512747238	6.592089831520108e-35	0.5217187928031218	0.7190142487746006	2.518543590292542e-7	4.655143380994501	0.1988623303370909	8.591636737634727e-4	0.6203653954550478	0.05032954493916297	12.326068042238989	6.556893161861431e-35	NA	NA	NA	NA	2.987906973122589e-32	UP	6.592089831520108e-35	4	4	0	1
SERPING1	4	A2780,PEO1,UWB_BRCAdef,UWB_BRCAprof	TRUE	-0.9270030159376966	0.07556578059054389	-12.267497386954796	1.3537310213338247e-34	-1.0751092243588185	-0.7788968075165748	0	9.076433086746215	0.02829173972281571	0	-0.9270030159376966	0.07556578059054389	-12.267497386954796	1.3537310213338247e-34	NA	NA	NA	NA	5.982475816029505e-32	DOWN	1.3537310213338247e-34	4	0	4	1
PLEKHM1	4	A2780,PEO1,UWB_BRCAdef,UWB_BRCAprof	FALSE	0.5671334997366505	0.04700357658509888	12.065752032930272	1.6019230407318764e-33	0.47500818248528653	0.6592588169880145	0	0.879726683844726	0.83031726433693	0	0.5671334997366505	0.04700357658509888	12.065752032930272	1.6019230407318764e-33	NA	NA	NA	NA	6.585393858376134e-31	UP	1.6019230407318764e-33	4	4	0	1
GTF2E2	4	A2780,PEO1,UWB_BRCAdef,UWB_BRCAprof	FALSE	-0.6781251350372924	0.05871894584156639	-11.548659897045637	7.498043898538409e-31	-0.7932121540969206	-0.5630381159776643	0.00480811838040551	5.7038071600106734	0.12694431737446624	33.63071408276106	-0.7109360196668175	0.03704413824300696	-19.191592877748345	4.3509686735003896e-82	NA	NA	NA	NA	2.881367869444858e-28	DOWN	7.498043898538409e-31	4	0	4	1
DHFR2	3	A2780,UWB_BRCAdef,UWB_BRCAprof	FALSE	0.7223116756840523	0.0627064649723062	11.518934706382437	1.0591230600504237e-30	0.5994092627405098	0.8452140886275948	0	1.422337275906196	0.49106997898449595	0	0.7223116756840523	0.0627064649723062	11.518934706382437	1.0591230600504237e-30	NA	NA	NA	NA	3.983429432449221e-28	UP	1.0591230600504237e-30	3	3	0	1
TCAF2	3	A2780,UWB_BRCAdef,UWB_BRCAprof	FALSE	0.5518296317492073	0.04853622836346708	11.369437847885315	5.9368707696617185e-30	0.4567003722114003	0.6469588912870142	0	0.05740455311666385	0.9717057209767842	0	0.5518296317492073	0.04853622836346708	11.369437847885315	5.9368707696617185e-30	NA	NA	NA	NA	2.141756420312453e-27	UP	5.9368707696617185e-30	3	3	0	1
AMZ2	4	A2780,PEO1,UWB_BRCAdef,UWB_BRCAprof	FALSE	0.32078288367753294	0.02828490813965751	11.341132242454478	8.207561696898065e-30	0.2653454824177804	0.3762202849372855	0	1.0841997765499902	0.780889624508666	0	0.32078288367753294	0.02828490813965751	11.341132242454478	8.207561696898065e-30	NA	NA	NA	NA	2.9017013623213422e-27	UP	8.207561696898065e-30	4	4	0	1
FRMD4A	4	A2780,PEO1,UWB_BRCAdef,UWB_BRCAprof	FALSE	-0.39021178779283505	0.03507085733092605	-11.126382914190694	9.334694372203307e-29	-0.45894940506839266	-0.32147417051727745	0	2.262009299146196	0.5198379589477405	0	-0.39021178779283505	0.03507085733092605	-11.126382914190694	9.334694372203307e-29	NA	NA	NA	NA	3.1732575464891894e-26	DOWN	9.334694372203307e-29	4	0	4	1
SIX2	4	A2780,PEO1,UWB_BRCAdef,UWB_BRCAprof	FALSE	-0.510120993808142	0.04615474848511018	-11.05240545233846	2.1341850879029008e-28	-0.6005826385544626	-0.41965934906182145	0	1.0540799821305455	0.788169289516286	0	-0.510120993808142	0.04615474848511018	-11.05240545233846	2.1341850879029008e-28	NA	NA	NA	NA	7.118111282803694e-26	DOWN	2.1341850879029008e-28	4	0	4	1
METTL26	3	A2780,UWB_BRCAdef,UWB_BRCAprof	FALSE	0.607571137460075	0.05526434395999594	10.993908439406717	4.0883007977446375e-28	0.4992550136692493	0.7158872612509006	8.445691707894865e-7	1.672773955353767	0.4332731243435063	0.0023028566194652	0.6075731523877965	0.05525797494026387	10.995212058433337	4.0296520355710897e-28	NA	NA	NA	NA	1.3383128370691103e-25	UP	4.0883007977446375e-28	3	3	0	1
PTS	4	A2780,PEO1,UWB_BRCAdef,UWB_BRCAprof	FALSE	-0.37235761958191566	0.03453842664725787	-10.780966469168288	4.2341343492410054e-27	-0.4400516918932196	-0.30466354727061173	0	0.18742456887738632	0.9795934084327532	0	-0.37235761958191566	0.03453842664725787	-10.780966469168288	4.2341343492410054e-27	NA	NA	NA	NA	1.3131016296760218e-24	DOWN	4.2341343492410054e-27	4	0	4	1
PPP1CB	4	A2780,PEO1,UWB_BRCAdef,UWB_BRCAprof	FALSE	-0.4186513236239583	0.03938648869703973	-10.629313185143712	2.177098322826127e-26	-0.4958474229476501	-0.3414552243002665	0	1.0762212381460516	0.7828172487578353	0	-0.4186513236239583	0.03938648869703973	-10.629313185143712	2.177098322826127e-26	NA	NA	NA	NA	6.522807975016516e-24	DOWN	2.177098322826127e-26	4	0	4	1
LVRN	3	A2780,UWB_BRCAdef,UWB_BRCAprof	FALSE	-0.6497722542251037	0.06226453426776725	-10.435671957823894	1.7040381132531657e-25	-0.7718084989040874	-0.5277360095461199	0	0.6123566595386422	0.7362553115085274	0	-0.6497722542251037	0.06226453426776725	-10.435671957823894	1.7040381132531657e-25	NA	NA	NA	NA	4.999923650441478e-23	DOWN	1.7040381132531657e-25	3	0	3	1
ARHGAP9	3	A2780,UWB_BRCAdef,UWB_BRCAprof	FALSE	-0.4937105859619312	0.04731525845144252	-10.434489890160988	1.7253795478697183e-25	-0.586446788445963	-0.4009743834778995	0	0.6752589239631159	0.7134596028333643	0	-0.4937105859619312	0.04731525845144252	-10.434489890160988	1.7253795478697183e-25	NA	NA	NA	NA	4.999923650441478e-23	DOWN	1.7253795478697183e-25	3	0	3	1
RABL2A	4	A2780,PEO1,UWB_BRCAdef,UWB_BRCAprof	TRUE	0.4500316765244359	0.04338243795615676	10.37359119787707	3.2699981924949685e-25	0.3650036605688252	0.5350596924800466	0	8.162465132835667	0.04277070065432881	0	0.4500316765244359	0.04338243795615676	10.37359119787707	3.2699981924949685e-25	NA	NA	NA	NA	9.3231867820538e-23	UP	3.2699981924949685e-25	4	4	0	1
TRAPPC13	4	A2780,PEO1,UWB_BRCAdef,UWB_BRCAprof	FALSE	-0.5035447575569152	0.0487028418372606	-10.33912475250414	4.687994967151819e-25	-0.5990005735026965	-0.40808894161113385	0	1.6804079568654549	0.6412983036861446	0	-0.5035447575569152	0.0487028418372606	-10.33912475250414	4.687994967151819e-25	NA	NA	NA	NA	1.2948388599116047e-22	DOWN	4.687994967151819e-25	4	0	4	1
GBP4	4	A2780,PEO1,UWB_BRCAdef,UWB_BRCAprof	FALSE	-0.29543614740912627	0.02998657044177607	-9.85228197345091	6.700507617298695e-23	-0.3542087454948807	-0.23666354932337183	0	0.3012339704727448	0.9597962369356638	0	-0.29543614740912627	0.02998657044177607	-9.85228197345091	6.700507617298695e-23	NA	NA	NA	NA	1.7165923645070874e-20	DOWN	6.700507617298695e-23	4	0	4	1
ADGRB3	3	A2780,UWB_BRCAdef,UWB_BRCAprof	FALSE	-0.13112121216978198	0.01334814571802716	-9.823178060807196	8.947730491388655e-23	-0.15728309703750776	-0.1049593273020562	0	0.02747219797297413	0.9863578107449992	0	-0.13112121216978198	0.01334814571802716	-9.823178060807196	8.947730491388655e-23	NA	NA	NA	NA	2.2595575985182465e-20	DOWN	8.947730491388655e-23	3	0	3	1
SGK2	3	A2780,UWB_BRCAdef,UWB_BRCAprof	FALSE	-0.6302343105870691	0.06531959277882624	-9.648472744174295	4.989322960645751e-22	-0.7582583599183912	-0.5022102612557471	0	0.89801142441296955	0.6382624527964339	0	-0.6302343105870691	0.06531959277882624	-9.648472744174295	4.989322960645751e-22	NA	NA	NA	NA	1.208167972264862e-19	DOWN	4.989322960645751e-22	3	0	3	1
GPBP1L1	4	A2780,PEO1,UWB_BRCAdef,UWB_BRCAprof	FALSE	-0.3973408899195204	0.04143549531608681	-9.589384340369108	8.861217502721186e-22	-0.4785529684206286	-0.31612881141841215	0.00124789072288834	3.1518477986443143	0.36880056336178535	17.568674384804574	-0.4026684349914226	0.03656770107989974	-11.01158735988351	3.360304056890834e-28	NA	NA	NA	NA	2.1167532675081408e-19	DOWN	8.861217502721186e-22	4	0	4	1
PEX12	4	A2780,PEO1,UWB_BRCAdef,UWB_BRCAprof	FALSE	0.2920424723491894	0.03081647390208787	9.476829609938047	2.6212613012987222e-21	0.23164329337057868	0.35244165132780014	4.4856483639114473e-7	3.054005190862044	0.38337335634352593	0.00337239877555288	0.29204504954843596	0.03081075396560658	9.478672604845697	2.575381862491696e-21	NA	NA	NA	NA	5.940517438853527e-19	UP	2.6212613012987222e-21	4	4	0	1
CCDC69	4	A2780,PEO1,UWB_BRCAdef,UWB_BRCAprof	FALSE	0.33972817429173807	0.03679014481094533	9.234216827291926	2.6018236150941414e-20	0.2676208154762721	0.41183553310720405	0	0.5772492829310305	0.901620299481582	0	0.33972817429173807	0.03679014481094533	9.234216827291926	2.6018236150941414e-20	NA	NA	NA	NA	5.608833663904773e-18	UP	2.6018236150941414e-20	4	4	0	1
ABCB1	3	A2780,UWB_BRCAdef,UWB_BRCAprof	FALSE	0.1529019597750354	0.01662471744904352	9.197266674979332	3.67170385612476e-20	0.1203181123217555	0.1854858072283153	0	0.21854020300245333	0.8964882419737323	0	0.1529019597750354	0.01662471744904352	9.197266674979332	3.67170385612476e-20	NA	NA	NA	NA	7.635848125260868e-18	UP	3.67170385612476e-20	3	3	0	1
LRRC19	3	A2780,UWB_BRCAdef,UWB_BRCAprof	FALSE	0.2581341585719085	0.02841047991223567	9.08587814670236	1.0286491462937456e-19	0.2024506411604279	0.3138176759833891	0	0.03160741447000989	0.9843205160889176	0	0.2581341585719085	0.02841047991223567	9.08587814670236	1.0286491462937456e-19	NA	NA	NA	NA	2.1143524370970394e-17	UP	1.0286491462937456e-19	3	3	0	1
MMP17	3	A2780,UWB_BRCAdef,UWB_BRCAprof	FALSE	0.7071828093885354	0.07835774468389337	9.025053135990763	1.7960818524627342e-19	0.5536044518983195	0.8607611668787513	1.3237504826664185e-7	1.416478936584172	0.4925105150256173	5.007127200160662e-5	0.7071828268781623	0.07835693923019203	9.025146130333722	1.7945570008031901e-19	NA	NA	NA	NA	3.567341450110534e-17	UP	1.7960818524627342e-19	3	3	0	1
PEX7	4	A2780,PEO1,UWB_BRCAdef,UWB_BRCAprof	FALSE	-0.40483231371948786	0.04509182852769362	-8.977952922686555	2.7585106463902106e-19	-0.4932106736308231	-0.3164539538081526	3.171179557265282e-6	4.906017721534798	0.17880976860984235	0.02975120917060883	-0.4048460650384738	0.04507677943299847	-8.981255318832876	2.6769485354676535e-19	NA	NA	NA	NA	5.418021410693306e-17	DOWN	2.7585106463902106e-19	4	0	4	1
TUBB6	4	A2780,PEO1,UWB_BRCAdef,UWB_BRCAprof	FALSE	0.6392936750081167	0.0712910728025902	8.96737347154761	3.0366903440775943e-19	0.499565739895817	0.7790216101204165	0.00752098673289527	4.762522790039383	0.19003549014068835	34.07045796586875	0.6694299118359555	0.03776945720656243	17.724107290576637	2.7321572982165388e-70	NA	NA	NA	NA	5.89885441892963e-17	UP	3.0366903440775943e-19	4	4	0	1
PAXIP1-AS2	3	PEO1,UWB_BRCAdef,UWB_BRCAprof	FALSE	0.6176892685604523	0.06936326766432399	8.905135086047164	5.332107557758113e-19	0.4817397620883655	0.753638775032539	0	0.5320070436941242	0.7664364282243828	0	0.6176892685604523	0.06936326766432399	8.905135086047164	5.332107557758113e-19	NA	NA	NA	NA	1.0245181010705453e-16	UP	5.332107557758113e-19	3	3	0	1
NADK2	4	A2780,PEO1,UWB_BRCAdef,UWB_BRCAprof	FALSE	-0.23685430530619955	0.026931707591371	-8.794626352696937	1.435247816996278e-18	-0.2896394822274507	-0.18406912838494843	0	1.6424274796002154	0.6498083894048778	0	-0.23685430530619955	0.026931707591371	-8.794626352696937	1.435247816996278e-18	NA	NA	NA	NA	2.6155541918601244e-16	DOWN	1.435247816996278e-18	4	0	4	1
SEC14L5	3	A2780,UWB_BRCAdef,UWB_BRCAprof	FALSE	0.23231269753253983	0.02642837592406866	8.790275202683555	1.4919405115017769e-18	0.1805140325514798	0.2841113625135999	0	1.184112792731887	0.5531885393778329	0	0.23231269753253983	0.02642837592406866	8.790275202683555	1.4919405115017769e-18	NA	NA	NA	NA	2.663942668870395e-16	UP	1.4919405115017769e-18	3	3	0	1
URM1	4	A2780,PEO1,UWB_BRCAdef,UWB_BRCAprof	FALSE	0.3879297843741275	0.04421763456819063	8.773191695179397	1.7367200840943567e-18	0.30126481313892056	0.4745947556093345	0.00157612285861617	4.211574751854692	0.23950558509036196	16.46663479403381	0.3935806905899026	0.03484286103492035	11.295877516930844	1.3752352551088391e-29	NA	NA	NA	NA	3.0700000926535943e-16	UP	1.7367200840943567e-18	4	4	0	1
NEFL	3	A2780,UWB_BRCAdef,UWB_BRCAprof	FALSE	0.5164868758103437	0.05925965981166565	8.715657117367892	2.890769916404291e-18	0.4003400768433834	0.632633674777304	0	0.7813815623565628	0.6765893378539839	0	0.5164868758103437	0.05925965981166565	8.715657117367892	2.890769916404291e-18	NA	NA	NA	NA	4.866679982121776e-16	UP	2.890769916404291e-18	3	3	0	1
KIAA0753	4	A2780,PEO1,UWB_BRCAdef,UWB_BRCAprof	FALSE	0.3422103767503094	0.03944000337191204	8.67673294860875	4.0729999342917005e-18	0.26490939059122354	0.4195113629093953	0	0.2908528173947686	0.9617395374809168	0	0.3422103767503094	0.03944000337191204	8.67673294860875	4.0729999342917005e-18	NA	NA	NA	NA	6.666520355414296e-16	UP	4.0729999342917005e-18	4	4	0	1
ESYT3	4	A2780,PEO1,UWB_BRCAdef,UWB_BRCAprof	FALSE	0.29016704618556965	0.03397426861793892	8.54078860235882	1.3330889895788887e-17	0.22357870329331997	0.35675538907781934	0	1.964074012833681	0.5798966601692127	0	0.29016704618556965	0.03397426861793892	8.54078860235882	1.3330889895788887e-17	NA	NA	NA	NA	2.0449647913011507e-15	UP	1.3330889895788887e-17	4	4	0	1
ZNF7	4	A2780,PEO1,UWB_BRCAdef,UWB_BRCAprof	FALSE	-0.3180984341560413	0.03729808167876921	-8.528546773415133	1.4819757759647392e-17	-0.39120133093886217	-0.2449955373732204	0	2.456460653205641	0.4832110287719703	0	-0.3180984341560413	0.03729808167876921	-8.528546773415133	1.4819757759647392e-17	NA	NA	NA	NA	2.239050067669119e-15	DOWN	1.4819757759647392e-17	4	0	4	1
PRRC2A	4	A2780,PEO1,UWB_BRCAdef,UWB_BRCAprof	FALSE	0.3965554017617531	0.04654287454635191	8.520217232539531	1.5925433060021155e-17	0.30533304391393734	0.4877777596095688	6.254994899356944e-7	5.871641151453449	0.11802492736823948	0.00560609302603363	0.3965551796761941	0.04654006848971628	8.520726173057067	1.5855600669885027e-17	NA	NA	NA	NA	2.3857108491694404e-15	UP	1.5925433060021155e-17	4	4	0	1
RPS6KB2	4	A2780,PEO1,UWB_BRCAdef,UWB_BRCAprof	FALSE	0.5363001051630213	0.06353419234135156	8.441125721432483	3.142958707835069e-17	0.4117753763871317	0.6608248339389109	0.00491733938260278	3.8703608609290656	0.27580737542369566	30.627482853117428	0.5400647077165449	0.04809976782630918	11.228010697821812	2.970920611784383e-29	NA	NA	NA	NA	4.62984008986671e-15	UP	3.142958707835069e-17	4	4	0	1
HERC1	4	A2780,PEO1,UWB_BRCAdef,UWB_BRCAprof	FALSE	0.2463945379683925	0.02941874656897242	8.375426104260391	5.502441997721404e-17	0.1887348542228953	0.30405422171388974	5.515067982922463e-6	3.1189606551158473	0.3736449621432775	0.1003031244258956	0.24640380154558653	0.02936917408143416	8.389878478106459	4.8664493791894014e-17	NA	NA	NA	NA	7.972677638829612e-15	UP	5.502441997721404e-17	4	4	0	1
MRPL9	4	A2780,PEO1,UWB_BRCAdef,UWB_BRCAprof	FALSE	-0.307570293714726	0.03679394643107859	-8.359263507948468	6.31110027543252e-17	-0.3796851035687361	-0.2354554838607159	7.602892706282024e-4	3.4963993674900817	0.32122941111313014	9.779778490855286	-0.30441222647738425	0.03060576135411201	-9.9462393029633	2.6189364222469407e-23	NA	NA	NA	NA	9.070025981204932e-15	DOWN	6.31110027543252e-17	4	0	4	1
ZNF385A	4	A2780,PEO1,UWB_BRCAdef,UWB_BRCAprof	FALSE	0.5634370674542665	0.06750210309020352	8.346955748939283	7.004494647043883e-17	0.4311353765167577	0.6957387583917752	6.256853012118521e-7	3.3088332628810546	0.3464151100441508	0.00226088486108605	0.5634394558141165	0.06749975762434952	8.347281170249182	6.985228921396129e-17	NA	NA	NA	NA	9.98535902224151e-15	UP	7.004494647043883e-17	4	4	0	1
ATF7IP2	4	A2780,PEO1,UWB_BRCAdef,UWB_BRCAprof	FALSE	0.4563661636903475	0.05471718983809017	8.34045324770422	7.400631858137406e-17	0.3491224422724497	0.5636098851082453	8.443266949410746e-6	3.2418322625352687	0.35582090720773696	0.04780549715892063	0.4563890904569459	0.05467923402297545	8.346662103298257	7.021924149418096e-17	NA	NA	NA	NA	1.0465677548503593e-14	UP	7.400631858137406e-17	4	4	0	1
PPP2R5D	4	A2780,PEO1,UWB_BRCAdef,UWB_BRCAprof	FALSE	0.1809766649653103	0.02171554880626649	8.333966899933268	7.817779009786161e-17	0.13841497140050626	0.2235383585301144	0	1.1191761839718015	0.772447009370253	0	0.1809766649653103	0.02171554880626649	8.333966899933268	7.817779009786161e-17	NA	NA	NA	NA	1.0967847583808727e-14	UP	7.817779009786161e-17	4	4	0	1
GPAM	4	A2780,PEO1,UWB_BRCAdef,UWB_BRCAprof	FALSE	0.3535473434308886	0.04260806841787664	8.29766184102714	1.06180398282917e-16	0.2700370638810319	0.43705762298074535	1.6062462618816883e-4	4.012252340290913	0.26014413435832767	1.4304050846526235	0.3543271261549974	0.04160908770872359	8.515618718569277	1.657031886169217e-17	NA	NA	NA	NA	1.477914094840255e-14	UP	1.06180398282917e-16	4	4	0	1
ATP2A3	3	A2780,UWB_BRCAdef,UWB_BRCAprof	FALSE	0.6809236067304026	0.0847923190695327	8.030486890823463	9.70865894396182e-16	0.5147337151884898	0.8471134982723155	6.7931851353135915e-08	2.1613486660254493	0.33936660236496047	1.7871338207560996e-5	0.6809235925669913	0.08479193364425101	8.030523226700335	9.705783765611693e-16	NA	NA	NA	NA	1.2807460011374113e-13	UP	9.70865894396182e-16	3	3	0	1
PLPP5	3	A2780,UWB_BRCAdef,UWB_BRCAprof	FALSE	-0.2854928574489449	0.03600362939103032	-7.929557721757643	2.1992772074567864e-15	-0.35605867436809213	-0.21492704052979775	5.213700039650421e-6	1.5663671904837964	0.4569489526818661	0.05625253146795595	-0.2855138523608641	0.0359514145559284	-7.94165837109691	1.9949577574964876e-15	NA	NA	NA	NA	2.8030834344641835e-13	DOWN	2.1992772074567864e-15	3	0	3	1
ACVR2B	4	A2780,PEO1,UWB_BRCAdef,UWB_BRCAprof	FALSE	-0.2050425153452505	0.02585889889165354	-7.929282534587422	2.2041556677633165e-15	-0.25572502585275414	-0.15436000483774684	0	1.249671779909892	0.7411172504185741	0	-0.2050425153452505	0.02585889889165354	-7.929282534587422	2.2041556677633165e-15	NA	NA	NA	NA	2.8030834344641835e-13	DOWN	2.2041556677633165e-15	4	0	4	1
PANK1	4	A2780,PEO1,UWB_BRCAdef,UWB_BRCAprof	FALSE	-0.3182484505402171	0.04040181948125641	-7.877082137052314	3.3511463222634753e-15	-0.3974345616333684	-0.2390623394470658	5.035120039933059e-6	3.42955391945042	0.33001432918727824	0.06146627549357184	-0.3182766403468157	0.04037672958543841	-7.882675085740474	3.204455394106909e-15	NA	NA	NA	NA	4.1717051787782713e-13	DOWN	3.3511463222634753e-15	4	0	4	1
CDK5R1	4	A2780,PEO1,UWB_BRCAdef,UWB_BRCAprof	FALSE	0.34115372353377704	0.0433867422784405	7.863086869817862	3.747809097027568e-15	0.2561172712615124	0.4261901758060417	0	0.7166673867842723	0.8692767851723366	0	0.34115372353377704	0.0433867422784405	7.863086869817862	3.747809097027568e-15	NA	NA	NA	NA	4.632868629941001e-13	UP	3.747809097027568e-15	4	4	0	1
DEF6	4	A2780,PEO1,UWB_BRCAdef,UWB_BRCAprof	FALSE	0.5370415962019146	0.06837457357287907	7.854405053502716	4.016742175653222e-15	0.4030298945407874	0.6710532978630417	0.00399392020886261	4.667132412272326	0.19785820658065448	18.75592526733778	0.5277264823682116	0.05193321786615044	10.161636502639643	2.94097968515179e-24	NA	NA	NA	NA	4.863284345138493e-13	UP	4.016742175653222e-15	4	4	0	1
PFN4	4	A2780,PEO1,UWB_BRCAdef,UWB_BRCAprof	FALSE	0.3579204165071536	0.04566132560189787	7.838590137038794	4.556331028708274e-15	0.26842586284107706	0.4474149701732302	0	0.6933841213785106	0.8747589565646569	0	0.3579204165071536	0.04566132560189787	7.838590137038794	4.556331028708274e-15	NA	NA	NA	NA	5.479065550644636e-13	UP	4.556331028708274e-15	4	4	0	1
FIBP	4	A2780,PEO1,UWB_BRCAdef,UWB_BRCAprof	FALSE	0.28813874809825407	0.03687219584200477	7.814526407185294	5.5170067528447514e-15	0.2158705722170172	0.3604069239794909	0.00139500641927648	2.708371536632658	0.4388065135920554	21.19757340730313	0.30534345813880265	0.02575218732898106	11.856991184402204	1.979616762622202e-32	NA	NA	NA	NA	6.545243514767562e-13	UP	5.5170067528447514e-15	4	4	0	1
OIP5	4	A2780,PEO1,UWB_BRCAdef,UWB_BRCAprof	FALSE	0.3213437939871682	0.04166080973892802	7.713335290430117	1.2257151320584667e-14	0.23969010733209375	0.40299748064224267	0.00173601145688169	3.342744569911551	0.3417375685163647	21.481252204299512	0.33691998186315225	0.0289569456143688	11.635204429018517	2.729354323905598e-31	NA	NA	NA	NA	1.4348984363839415e-12	UP	1.2257151320584667e-14	4	4	0	1
FCHO2	4	A2780,PEO1,UWB_BRCAdef,UWB_BRCAprof	FALSE	-0.5354751120434884	0.0696885075556327	-7.683836701711768	1.543934456793031e-14	-0.6720620769888759	-0.3988881470981009	0.00752063104493695	4.81593985750584	0.18578184161483585	38.731668965566456	-0.5343410942891865	0.05441568018707884	-9.81961619246776	9.269578917979545e-23	NA	NA	NA	NA	1.7722161943331437e-12	DOWN	1.543934456793031e-14	4	0	4	1
SULF1	3	A2780,UWB_BRCAdef,UWB_BRCAprof	FALSE	0.3359907209345319	0.04398247869900609	7.639194762848248	2.1858444853099878e-14	0.2497866467336799	0.42219479513538394	0	0.6982580468210374	0.705302123913632	0	0.3359907209345319	0.04398247869900609	7.639194762848248	2.1858444853099878e-14	NA	NA	NA	NA	2.4610938195429717e-12	UP	2.1858444853099878e-14	3	3	0	1
PPP4R3A	3	A2780,UWB_BRCAdef,UWB_BRCAprof	FALSE	-0.28718237777187505	0.03772517824336933	-7.612485643387276	2.688740692318756e-14	-0.36112236843923295	-0.21324238710451715	5.902007191599788e-4	2.2064501665872722	0.33179927599067965	9.943579316025223	-0.2916138393522237	0.03308864910008514	-8.813108038051432	1.2172313912456987e-18	NA	NA	NA	NA	2.989237057743311e-12	DOWN	2.688740692318756e-14	3	0	3	1
TTC21A	4	A2780,PEO1,UWB_BRCAdef,UWB_BRCAprof	FALSE	-0.3789231356387057	0.05040681076387506	-7.517300338911101	5.591886084555409e-14	-0.4777186693114267	-0.2801276019659847	0	1.5837159559200813	0.6630877280802596	0	-0.3789231356387057	0.05040681076387506	-7.517300338911101	5.591886084555409e-14	NA	NA	NA	NA	6.139613063148197e-12	DOWN	5.591886084555409e-14	4	0	4	1
LRWD1	4	A2780,PEO1,UWB_BRCAdef,UWB_BRCAprof	FALSE	0.4215340641726209	0.05667140160968979	7.438214905567928	1.0205494092775567e-13	0.3104601580642236	0.532607970281018	8.816728054178923e-7	2.195060247057604	0.5329220037878142	0.00388649186698778	0.4215351452320733	0.05666692614018196	7.438821442145717	1.0158752508318756e-13	NA	NA	NA	NA	1.086762163120444e-11	UP	1.0205494092775567e-13	4	4	0	1
MAN1C1	3	A2780,UWB_BRCAdef,UWB_BRCAprof	FALSE	-0.5013585684072493	0.06816613895415562	-7.354950362443625	1.9099807958712549e-13	-0.6349617457225472	-0.36775539109195154	0	1.155333055130262	0.5612063995059859	0	-0.5013585684072493	0.06816613895415562	-7.354950362443625	1.9099807958712549e-13	NA	NA	NA	NA	1.9977947058352764e-11	DOWN	1.9099807958712549e-13	3	0	3	1
MFN1	4	A2780,PEO1,UWB_BRCAdef,UWB_BRCAprof	FALSE	-0.3712970394640792	0.05074092455744675	-7.31750638567321	2.5262111943216756e-13	-0.4707474241389388	-0.2718466547892196	0.00477568166968054	5.54898911399053	0.13573771078435778	46.619245034233366	-0.3830376762507807	0.03626003695080947	-10.563631713073304	4.393286204600999e-26	NA	NA	NA	NA	2.5962694931409452e-11	DOWN	2.5262111943216756e-13	4	0	4	1
LTBP3	4	A2780,PEO1,UWB_BRCAdef,UWB_BRCAprof	FALSE	-0.4694245381860242	0.06435146112226353	-7.294698985841961	2.99327535972048e-13	-0.5955510843381902	-0.3432979920338582	0	0.2928181037075174	0.9613734934295228	0	-0.4694245381860242	0.06435146112226353	-7.294698985841961	2.99327535972048e-13	NA	NA	NA	NA	3.0585045395247935e-11	DOWN	2.99327535972048e-13	4	0	4	1
RNF214	4	A2780,PEO1,UWB_BRCAdef,UWB_BRCAprof	FALSE	-0.259988958710862	0.03569791028877525	-7.283030200023001	3.264041215289948e-13	-0.3299555772002033	-0.19002234022152065	0	1.3512424877939395	0.7170024785830559	0	-0.259988958710862	0.03569791028877525	-7.283030200023001	3.264041215289948e-13	NA	NA	NA	NA	3.316003250728759e-11	DOWN	3.264041215289948e-13	4	0	4	1
FBLN2	3	A2780,UWB_BRCAdef,UWB_BRCAprof	FALSE	0.23484214802391545	0.03254293764740677	7.216378268254747	5.33904127875488e-13	0.17105916228386556	0.2986251337639654	0	0.7998251992526917	0.6703786348184342	0	0.23484214802391545	0.03254293764740677	7.216378268254747	5.33904127875488e-13	NA	NA	NA	NA	5.3021479036264046e-11	UP	5.33904127875488e-13	3	3	0	1
RAVER2	4	A2780,PEO1,UWB_BRCAdef,UWB_BRCAprof	FALSE	-0.29655488196978796	0.0414632244523276	-7.152238782363691	8.537388974321824e-13	-0.37782130857925056	-0.21528845536032537	3.0522566788028434e-6	2.64545971600587	0.44957555003996336	0.02819262566035491	-0.29656584822249404	0.04144394114426601	-7.155831227299326	8.316741469817715e-13	NA	NA	NA	NA	8.292056313136642e-11	DOWN	8.537388974321824e-13	4	0	4	1
TTLL4	4	A2780,PEO1,UWB_BRCAdef,UWB_BRCAprof	FALSE	-0.22888812774318784	0.03218672814915999	-7.111257990637403	1.1498995668372086e-12	-0.29197295569572296	-0.16580329979065273	0	2.5262730955680532	0.4705616530360835	0	-0.22888812774318784	0.03218672814915999	-7.111257990637403	1.1498995668372086e-12	NA	NA	NA	NA	1.1047160132055074e-10	DOWN	1.1498995668372086e-12	4	0	4	1
MFSD13A	3	A2780,UWB_BRCAdef,UWB_BRCAprof	FALSE	0.4312700238544263	0.06161914561790507	6.998961435276854	2.578668218559305e-12	0.3104987176852033	0.5520413300236493	0	0.1853978830628145	0.9114678641136345	0	0.4312700238544263	0.06161914561790507	6.998961435276854	2.578668218559305e-12	NA	NA	NA	NA	2.3991114789196227e-10	UP	2.578668218559305e-12	3	3	0	1
NEUROG2	3	A2780,UWB_BRCAdef,UWB_BRCAprof	FALSE	-0.7314400373956608	0.10519475473429656	-6.953198752572309	3.570950254396414e-12	-0.9376179680374064	-0.5252621067539152	0.00869559629058554	1.4294765159063465	0.48932017069943334	4.640917010688688	-0.7534387923322964	0.05512077987024393	-13.668870326325486	1.5579503978685967e-42	NA	NA	NA	NA	3.2371121870238675e-10	DOWN	3.570950254396414e-12	3	0	3	1
HIVEP2	4	A2780,PEO1,UWB_BRCAdef,UWB_BRCAprof	FALSE	-0.23124887502032715	0.03332744279996535	-6.938692428588237	3.9574567210680564e-12	-0.296569462605078	-0.16592828743557633	0	1.7222932311042911	0.6319889267579173	0	-0.23124887502032715	0.03332744279996535	-6.938692428588237	3.9574567210680564e-12	NA	NA	NA	NA	3.569181758077553e-10	DOWN	3.9574567210680564e-12	4	0	4	1
CELF3	3	A2780,UWB_BRCAdef,UWB_BRCAprof	FALSE	-0.14340792941838615	0.02074413128105866	-6.913180767870045	4.739054192824702e-12	-0.18406567961983183	-0.10275017921694043	0	0.3648223736357452	0.8332586449939439	0	-0.14340792941838615	0.02074413128105866	-6.913180767870045	4.739054192824702e-12	NA	NA	NA	NA	4.209661355103631e-10	DOWN	4.739054192824702e-12	3	0	3	1
PFKFB4	4	A2780,PEO1,UWB_BRCAdef,UWB_BRCAprof	FALSE	0.3040673447055644	0.04411481590172193	6.892635467026753	5.476809417119044e-12	0.21760389435357455	0.3905307950575543	4.869984647316609e-6	6.752613758633	0.080215077321653	0.03090688927710592	0.304046254399216	0.04408004097877367	6.89759464029597	5.289040751749887e-12	NA	NA	NA	NA	4.792750498337295e-10	UP	5.476809417119044e-12	4	4	0	1
PDE1A	3	A2780,UWB_BRCAdef,UWB_BRCAprof	FALSE	-0.20385400881250157	0.0296277059114342	-6.880519518516899	5.9634673915300295e-12	-0.26192324534345707	-0.14578477228154607	0	1.0203239362799672	0.6003983255364761	0	-0.20385400881250157	0.0296277059114342	-6.880519518516899	5.9634673915300295e-12	NA	NA	NA	NA	5.192916900496371e-10	DOWN	5.9634673915300295e-12	3	0	3	1
SURF2	4	A2780,PEO1,UWB_BRCAdef,UWB_BRCAprof	FALSE	0.5500599786279327	0.07999047424909675	6.876568538836285	6.1311443862946025e-12	0.3932815299934244	0.7068384272624408	0.00982218420264624	4.810963176275451	0.1861743514423675	38.75192384355628	0.5797641336215807	0.0586455460525622	9.88590221501145	4.7924512053859163e-23	NA	NA	NA	NA	5.312756829241652e-10	UP	6.1311443862946025e-12	4	4	0	1
RRP36	4	A2780,PEO1,UWB_BRCAdef,UWB_BRCAprof	FALSE	0.21415515346034825	0.03137195133417701	6.826325566399972	8.711710552139233e-12	0.15266725872061798	0.27564304820007846	1.371466453070001e-6	4.699344079797867	0.1951836818929822	0.02249337045934999	0.21414977675412555	0.03136067309995088	6.828609069441846	8.574186975232842e-12	NA	NA	NA	NA	7.439464127061121e-10	UP	8.711710552139233e-12	4	4	0	1
ADCY4	3	A2780,UWB_BRCAdef,UWB_BRCAprof	FALSE	-0.30876651310025194	0.0453193735458605	-6.813124033760058	9.550173142704306e-12	-0.39759085305205577	-0.2199421731484481	0	0.01971700180180733	0.990189934820558	0	-0.30876651310025194	0.0453193735458605	-6.813124033760058	9.550173142704306e-12	NA	NA	NA	NA	8.116269742480001e-10	DOWN	9.550173142704306e-12	3	0	3	1
KCTD18	4	A2780,PEO1,UWB_BRCAdef,UWB_BRCAprof	FALSE	0.35811727397291815	0.05352617864561578	6.690507019825351	2.223986899679732e-11	0.2532078915974543	0.463026656348382	0.0030973767443013	3.223913493355482	0.35837362934147593	22.68550284272098	0.3824362431158339	0.03677179459579736	10.400260507262336	2.4725629339621096e-25	NA	NA	NA	NA	1.854406435171633e-9	UP	2.223986899679732e-11	4	4	0	1
ZNF644	4	A2780,PEO1,UWB_BRCAdef,UWB_BRCAprof	FALSE	-0.48024832000326345	0.07217655923888243	-6.6537990320900136	2.8562262122879247e-11	-0.6217117766394947	-0.3387848633670322	0.00984096799074484	5.65144367590578	0.12985603278304836	47.52072599704224	-0.4827510464575762	0.05165712797389517	-9.34529396797928	9.163456283173186e-21	NA	NA	NA	NA	2.3374773497506316e-9	DOWN	2.8562262122879247e-11	4	0	4	1
COL13A1	3	A2780,UWB_BRCAdef,UWB_BRCAprof	FALSE	-0.48580514685739656	0.07318416967682949	-6.638117901762643	3.1771369629774967e-11	-0.6292434836624506	-0.3423668100523425	0	0.7202314566991299	0.6975955898131114	0	-0.48580514685739656	0.07318416967682949	-6.638117901762643	3.1771369629774967e-11	NA	NA	NA	NA	2.576250004337303e-9	DOWN	3.1771369629774967e-11	3	0	3	1
MMGT1	4	A2780,PEO1,UWB_BRCAdef,UWB_BRCAprof	FALSE	-0.3126533182929651	0.04749621417680032	-6.5826997732733314	4.61981431404649e-11	-0.4057441874814945	-0.21956244910443573	0	1.7117539405002389	0.6343237950549658	0	-0.3126533182929651	0.04749621417680032	-6.5826997732733314	4.61981431404649e-11	NA	NA	NA	NA	3.645734715598205e-9	DOWN	4.61981431404649e-11	4	0	4	1
FUZ	4	A2780,PEO1,UWB_BRCAdef,UWB_BRCAprof	FALSE	-0.4351220260137211	0.06613642457449412	-6.579158592457814	4.7311792540932386e-11	-0.5647470362459793	-0.3054970157814628	9.474871418857344e-6	5.486406689945783	0.13945391219717507	0.04348140936803211	-0.43509406449283394	0.0661079070542574	-6.581573731198825	4.6549456568427337e-11	NA	NA	NA	NA	3.7170246966491636e-9	DOWN	4.7311792540932386e-11	4	0	4	1
CPXM1	3	A2780,UWB_BRCAdef,UWB_BRCAprof	FALSE	0.15376662158879412	0.02340987170585804	6.5684521265580385	5.08409723580244e-11	0.10788411616260912	0.1996491270149791	0	0.37656338587474225	0.8283813251944305	0	0.15376662158879412	0.02340987170585804	6.5684521265580385	5.08409723580244e-11	NA	NA	NA	NA	3.976618886605298e-9	UP	5.08409723580244e-11	3	3	0	1
CYP2W1	3	A2780,UWB_BRCAdef,UWB_BRCAprof	FALSE	-0.333571774803359	0.05183917284823486	-6.434743389519904	1.2368210312281638e-10	-0.4351746865742459	-0.231968863032472	0	0.41772260462887706	0.8115077820894562	0	-0.333571774803359	0.05183917284823486	-6.434743389519904	1.2368210312281638e-10	NA	NA	NA	NA	9.383384278549463e-9	DOWN	1.2368210312281638e-10	3	0	3	1
C2orf76	4	A2780,PEO1,UWB_BRCAdef,UWB_BRCAprof	FALSE	-0.34801814994316904	0.05411227906144292	-6.431408101440423	1.2642721130664288e-10	-0.454076268024978	-0.2419600318613601	0	2.4000698388427284	0.49362162236547874	0	-0.34801814994316904	0.05411227906144292	-6.431408101440423	1.2642721130664288e-10	NA	NA	NA	NA	9.510016230925643e-9	DOWN	1.2642721130664288e-10	4	0	4	1
SIAH3	4	A2780,PEO1,UWB_BRCAdef,UWB_BRCAprof	FALSE	-0.12257117845268314	0.01924364649555048	-6.369436191889309	1.8972432904288903e-10	-0.16028803251518253	-0.08485432439018377	0	0.4695780926040979	0.9255222951039872	0	-0.12257117845268314	0.01924364649555048	-6.369436191889309	1.8972432904288903e-10	NA	NA	NA	NA	1.3916004002037965e-8	DOWN	1.8972432904288903e-10	4	0	4	1
TRIT1	4	A2780,PEO1,UWB_BRCAdef,UWB_BRCAprof	FALSE	-0.4102283174130567	0.06468878420443995	-6.341567900187873	2.2743847567011783e-10	-0.5370160046574426	-0.2834406301686709	0.00684021882875284	5.33560500881935	0.14880864945624148	38.595842864862554	-0.4258254410485582	0.02986262545028688	-14.259477679129096	3.913727719040926e-46	NA	NA	NA	NA	1.654497915399454e-8	DOWN	2.2743847567011783e-10	4	0	4	1
DMC1	4	A2780,PEO1,UWB_BRCAdef,UWB_BRCAprof	FALSE	-0.6013373243220775	0.09577228040176354	-6.2788243299572155	3.4114277349008517e-10	-0.7890475446268053	-0.41362710401734976	0.00923855054492084	4.038293228155929	0.25735873169368817	18.216960890997925	-0.6215740866333652	0.05716089757503974	-10.874113476216404	1.5313718908694803e-27	NA	NA	NA	NA	2.4459500626597776e-8	DOWN	3.4114277349008517e-10	4	0	4	1
COL21A1	3	A2780,UWB_BRCAdef,UWB_BRCAprof	FALSE	-0.223173887101864	0.03561375423981381	-6.2665083158340655	3.6923367695709926e-10	-0.29297556276615966	-0.15337221143756827	0	0.20322965526796968	0.903377440692193	0	-0.223173887101864	0.03561375423981381	-6.2665083158340655	3.6923367695709926e-10	NA	NA	NA	NA	2.621262533160901e-8	DOWN	3.6923367695709926e-10	3	0	3	1
LARGE2	3	A2780,UWB_BRCAdef,UWB_BRCAprof	FALSE	0.7536799243227927	0.12177158134179922	6.1892924113984975	6.043488301574169e-10	0.5150120105523767	0.9923478380932088	0.01949116662506798	2.623320921812012	0.26937240248815436	33.782391512682246	0.8357723012814319	0.04685345500307754	17.838007916951582	3.5824150074629338e-71	NA	NA	NA	NA	4.2562048887221745e-8	UP	6.043488301574169e-10	3	3	0	1
TADA1	4	A2780,PEO1,UWB_BRCAdef,UWB_BRCAprof	FALSE	-0.4271341067156402	0.06928178491629584	-6.1651718013860455	7.040665599144873e-10	-0.5629239099362304	-0.29134430349505003	0.0088002113571171	5.887617039172035	0.11720777033470492	48.560185601736485	-0.4314123634523639	0.04391250384672963	-9.824362668048892	8.843161133608068e-23	NA	NA	NA	NA	4.899915188822202e-8	DOWN	7.040665599144873e-10	4	0	4	1
RBM25	4	A2780,PEO1,UWB_BRCAdef,UWB_BRCAprof	FALSE	-0.2805982288023259	0.04564754731460069	-6.147060363801288	7.893209635144451e-10	-0.3700657775215313	-0.19113068008312045	0.00122228458957431	3.0235614989460355	0.3880067031976899	14.249691504606291	-0.2810704967012954	0.04155977659465339	-6.763041568838816	1.3512444666907444e-11	NA	NA	NA	NA	5.429115436593326e-8	DOWN	7.893209635144451e-10	4	0	4	1
BRWD1	4	A2780,PEO1,UWB_BRCAdef,UWB_BRCAprof	FALSE	0.2268553291529871	0.0370968640336451	6.115215802264041	9.642638443118658e-10	0.15414681170766342	0.29956384659831076	0	1.4923774232836249	0.6840307313097275	0	0.2268553291529871	0.0370968640336451	6.115215802264041	9.642638443118658e-10	NA	NA	NA	NA	6.581193813089132e-8	UP	9.642638443118658e-10	4	4	0	1
MYSM1	4	A2780,PEO1,UWB_BRCAdef,UWB_BRCAprof	FALSE	-0.3348328665805613	0.05481574855038376	-6.1083333792806	1.0067688851367771e-9	-0.4422697595249171	-0.22739597363620545	0.00407237688600045	4.354149005630452	0.22567468114702277	33.80460643837723	-0.33438395582512986	0.04263343395815087	-7.843232992992361	4.390921901806707e-15	NA	NA	NA	NA	6.844866762524157e-8	DOWN	1.0067688851367771e-9	4	0	4	1
CFAP58	3	A2780,UWB_BRCAdef,UWB_BRCAprof	FALSE	0.25330584402316864	0.04205786089890321	6.02279427933945	1.7143128387236947e-9	0.17087395139452297	0.3357377366518143	6.711040780125695e-6	1.842814293363584	0.39795866069938657	0.01014163900581613	0.25328554003534764	0.04198226739034031	6.033155324374548	1.607887304079849e-9	NA	NA	NA	NA	1.143543700004481e-7	UP	1.7143128387236947e-9	3	3	0	1
CTDSPL2	4	A2780,PEO1,UWB_BRCAdef,UWB_BRCAprof	FALSE	-0.306091631759007	0.05144256275143009	-5.950162965986715	2.6787563630782702e-9	-0.4069172020242517	-0.2052660614937623	0	0.8366406531339825	0.840684473935842	0	-0.306091631759007	0.05144256275143009	-5.950162965986715	2.6787563630782702e-9	NA	NA	NA	NA	1.7537917122272068e-7	DOWN	2.6787563630782702e-9	4	0	4	1
STAP2	4	A2780,PEO1,UWB_BRCAdef,UWB_BRCAprof	FALSE	0.3307050825204678	0.05604993984799941	5.900186216386666	3.630915347733029e-9	0.22084921908275257	0.440560945958183	0	1.869712687348848	0.5998834136855236	0	0.3307050825204678	0.05604993984799941	5.900186216386666	3.630915347733029e-9	NA	NA	NA	NA	2.3424704599225092e-7	UP	3.630915347733029e-9	4	4	0	1
BAK1	4	A2780,PEO1,UWB_BRCAdef,UWB_BRCAprof	FALSE	0.3257812435626045	0.05650592389204192	5.765435216757624	8.14473841533556e-9	0.215031667821041	0.436530819304168	0	1.595073119083886	0.6605074722461652	0	0.3257812435626045	0.05650592389204192	5.765435216757624	8.14473841533556e-9	NA	NA	NA	NA	4.9991160058294e-7	UP	8.14473841533556e-9	4	4	0	1
CYP39A1	3	A2780,UWB_BRCAdef,UWB_BRCAprof	FALSE	0.6250567321142105	0.1088741988256885	5.741091451014476	9.406827030763135e-9	0.4116672235702081	0.8384462406582129	0.00885383908214813	3.02799099600371	0.22002909354168693	12.109524901625344	0.6420442097478065	0.07195729402920772	8.922573012364785	4.555783715546602e-19	NA	NA	NA	NA	5.75378828452595e-7	UP	9.406827030763135e-9	3	3	0	1
CRB1	3	A2780,UWB_BRCAdef,UWB_BRCAprof	FALSE	-0.2043192567870782	0.03578839285005619	-5.709092823562134	1.1357993680795776e-8	-0.27446321783775907	-0.1341752957363973	0	0.27983219259197084	0.8694311808350247	0	-0.2043192567870782	0.03578839285005619	-5.709092823562134	1.1357993680795776e-8	NA	NA	NA	NA	6.852397757523104e-7	DOWN	1.1357993680795776e-8	3	0	3	1
TRIM10	3	A2780,UWB_BRCAdef,UWB_BRCAprof	FALSE	-0.15105858927614058	0.02650322032546319	-5.699631494630475	1.2006668246369268e-8	-0.20300394658837836	-0.0991132319639028	0	0.08942708660561038	0.9562713729413708	0	-0.15105858927614058	0.02650322032546319	-5.699631494630475	1.2006668246369268e-8	NA	NA	NA	NA	7.194639816646426e-7	DOWN	1.2006668246369268e-8	3	0	3	1
TMEM134	4	A2780,PEO1,UWB_BRCAdef,UWB_BRCAprof	FALSE	0.5642413924344314	0.10007446873695056	5.638215216685894	1.7182168458778272e-8	0.36809903793802873	0.7603837469308341	0.01625500800459791	6.476532220077647	0.09059262398068622	47.83047474566228	0.5497550346738025	0.056626399194852677	9.708458289605938	2.77502597617743e-22	NA	NA	NA	NA	9.991091837033667e-7	UP	1.7182168458778272e-8	4	4	0	1
SOCS1	4	A2780,PEO1,UWB_BRCAdef,UWB_BRCAprof	FALSE	0.4410287223828144	0.07896181683659657	5.5853416252500665	2.3324125908112938e-8	0.28626640522923663	0.5957910395363921	0	1.1164602036222386	0.7731020844623092	0	0.4410287223828144	0.07896181683659657	5.5853416252500665	2.3324125908112938e-8	NA	NA	NA	NA	1.3214761976849758e-6	UP	2.3324125908112938e-8	4	4	0	1
TKFC	3	A2780,UWB_BRCAdef,UWB_BRCAprof	FALSE	0.6112422996319962	0.10973909439294138	5.569959393352825	2.5479871196407183e-8	0.3961576269257897	0.8263269723382026	0.01517586789753216	2.8656408617435356	0.2386349189082747	36.12905615290292	0.6735485420610681	0.06096891216906083	11.047409541987296	2.256317889201795e-28	NA	NA	NA	NA	1.4390021825523635e-6	UP	2.5479871196407183e-8	3	3	0	1
ICAM3	4	A2780,PEO1,UWB_BRCAdef,UWB_BRCAprof	FALSE	0.6769713800795636	0.12251121978427698	5.52579087263684	3.280046529366966e-8	0.43685380160030984	0.9170889585588172	0.02621220198019287	5.505300650226093	0.13832192332674093	41.97763411737697	0.6446847233723393	0.04897559784473374	13.16338649741794	1.4255045420083555e-39	NA	NA	NA	NA	1.8233139150823853e-6	UP	3.280046529366966e-8	4	4	0	1
NDUFAF5	4	A2780,PEO1,UWB_BRCAdef,UWB_BRCAprof	FALSE	-0.36811296887544065	0.06684192979891705	-5.5072163533106835	3.645521246299753e-8	-0.49912074393847267	-0.23710519381240863	0.0066561414958377	5.1811567241779315	0.1590025229384215	38.89928032969125	-0.3410276434298628	0.04616648454702689	-7.386909503202035	1.502808046665723e-13	NA	NA	NA	NA	2.0075351735464403e-6	DOWN	3.645521246299753e-8	4	0	4	1
CSNK1G1	4	A2780,PEO1,UWB_BRCAdef,UWB_BRCAprof	FALSE	0.2452291789896612	0.04469325569575962	5.486939252289197	4.0895769077895354e-8	0.1576320074741327	0.3328263505051897	0.00148517772937716	3.3233067833347665	0.34441192566478657	12.43568094671664	0.25690491886306105	0.0335226401796924	7.663624269626914	1.8075820109251097e-14	NA	NA	NA	NA	2.2219567394322083e-6	UP	4.0895769077895354e-8	4	4	0	1
HMGN1	4	A2780,PEO1,UWB_BRCAdef,UWB_BRCAprof	FALSE	0.2109789521343888	0.03908303313112284	5.398223608350928	6.730395213592878e-8	0.13437761479080232	0.2875802894779752	0.00217020367021502	4.396725878680251	0.22168916637414865	33.97279986054289	0.2261582144449568	0.02595121057188296	8.714746228061887	2.9141068891766283e-18	NA	NA	NA	NA	3.509533810934552e-6	UP	6.730395213592878e-8	4	4	0	1
TAGAP	3	A2780,UWB_BRCAdef,UWB_BRCAprof	FALSE	-0.21138477812404596	0.03942448925729991	-5.3617632620289575	8.241350284404654e-8	-0.28865535717724006	-0.13411419907085187	0	0.16441486747732514	0.921080875628854	0	-0.21138477812404596	0.03942448925729991	-5.3617632620289575	8.241350284404654e-8	NA	NA	NA	NA	4.2722096474317025e-6	DOWN	8.241350284404654e-8	3	0	3	1
DYRK3	4	A2780,PEO1,UWB_BRCAdef,UWB_BRCAprof	FALSE	0.31783803529798893	0.05943825089452746	5.347365215406306	8.92438237684605e-8	0.20134120424065943	0.4343348663553184	0	1.2145699543573265	0.7495119978245721	0	0.31783803529798893	0.05943825089452746	5.347365215406306	8.92438237684605e-8	NA	NA	NA	NA	4.599309250014799e-6	UP	8.92438237684605e-8	4	4	0	1
RHOG	4	A2780,PEO1,UWB_BRCAdef,UWB_BRCAprof	FALSE	0.26194704237390354	0.04957071139672785	5.28431073497151	1.2617892192007674e-7	0.16479023334828777	0.3591038513995193	0.0012895449308414	5.586304286942735	0.13356682950877702	8.22930027793259	0.26617967023169375	0.04104578612573403	6.484945115104275	8.876409198865939e-11	NA	NA	NA	NA	6.391016626880219e-6	UP	1.2617892192007674e-7	4	4	0	1
HYAL3	4	A2780,PEO1,UWB_BRCAdef,UWB_BRCAprof	FALSE	0.5286007878862959	0.1004963163328138	5.259902125523964	1.4413209860638458e-7	0.33163162729503654	0.7255699484775553	0.01354394051249965	4.166254980163189	0.24406219201852145	34.793633603825896	0.5668584173489872	0.05900987519100249	9.606161943474484	7.530372526316516e-22	NA	NA	NA	NA	7.176966498774818e-6	UP	1.4413209860638458e-7	4	4	0	1
ANGPT1	3	A2780,UWB_BRCAdef,UWB_BRCAprof	FALSE	0.22870201804529536	0.04359896006882972	5.245584245226108	1.5578785267510578e-7	0.14324962654698917	0.3141544095436015	0	0.03179935351340507	0.9842260558525155	0	0.22870201804529536	0.04359896006882972	5.245584245226108	1.5578785267510578e-7	NA	NA	NA	NA	7.695605428221874e-6	UP	1.5578785267510578e-7	3	3	0	1
DACH1	3	A2780,UWB_BRCAdef,UWB_BRCAprof	FALSE	-0.0975576720596444	0.01866635783559312	-5.226390328466801	1.7285126617863054e-7	-0.13414306113994395	-0.06097228297934484	2.823715741432273e-6	1.3829908590289417	0.5008265579688082	0.0019152372005574	-0.09755405728416192	0.01859092499021332	-5.247402016603076	1.542590436710024e-7	NA	NA	NA	NA	8.511119309859756e-6	DOWN	1.7285126617863054e-7	3	0	3	1
CFAP52	3	A2780,UWB_BRCAdef,UWB_BRCAprof	FALSE	0.28317022270647907	0.05445262507181234	5.200304344061155	1.989624645689039e-7	0.17644503870206413	0.389895406710894	0	0.0367680061682572	0.9817839518974278	0	0.28317022270647907	0.05445262507181234	5.200304344061155	1.989624645689039e-7	NA	NA	NA	NA	9.732470289449181e-6	UP	1.989624645689039e-7	3	3	0	1
FAM106A	3	A2780,UWB_BRCAdef,UWB_BRCAprof	FALSE	-0.26404645032373025	0.05081952006695374	-5.195768279115075	2.0387608313138813e-7	-0.36365087936657015	-0.16444202128089036	0	0.2178857914154399	0.8967816261161946	0	-0.26404645032373025	0.05081952006695374	-5.195768279115075	2.0387608313138813e-7	NA	NA	NA	NA	9.928147442186082e-6	DOWN	2.0387608313138813e-7	3	0	3	1
TMEM243	4	A2780,PEO1,UWB_BRCAdef,UWB_BRCAprof	FALSE	-0.3905262171428988	0.0757942536457923	-5.152451516548165	2.5710309998988634e-7	-0.5390802245237454	-0.24197220976205225	0.01027221355454359	6.019881107640471	0.11064696212626632	45.819460650453365	-0.3667457409250383	0.04571190976053409	-8.022980069007586	1.0321010199711876e-15	NA	NA	NA	NA	1.2417517755522461e-5	DOWN	2.5710309998988634e-7	4	0	4	1
PDE6C	3	A2780,UWB_BRCAdef,UWB_BRCAprof	FALSE	-0.21597553484330023	0.04235863015606245	-5.098737472094324	3.419263804046846e-7	-0.2989969243836349	-0.13295414530296562	0	0.0441468186900183	0.978168425712064	0	-0.21597553484330023	0.04235863015606245	-5.098737472094324	3.419263804046846e-7	NA	NA	NA	NA	1.633576385517192e-5	DOWN	3.419263804046846e-7	3	0	3	1
NPIPB3	4	A2780,PEO1,UWB_BRCAdef,UWB_BRCAprof	FALSE	-0.37422603034047086	0.07386704616907769	-5.066210844330876	4.058124177784824e-7	-0.5190027804762205	-0.22944928020472125	5.076082968705788e-7	5.8991079324839895	0.11662335929797717	0.00176958152722594	-0.37422538954372286	0.0738655708621375	-5.0663033558919635	4.056153451499918e-7	NA	NA	NA	NA	1.9180604569706508e-5	DOWN	4.058124177784824e-7	4	0	4	1
THBS4	4	A2780,PEO1,UWB_BRCAdef,UWB_BRCAprof	FALSE	-0.0967254928919188	0.01921119582990981	-5.034850185709281	4.782226929293207e-7	-0.1343787448184881	-0.05907224096534949	2.869801522192487e-6	2.9527735086231064	0.3989640333153529	0.02854248119328302	-0.09673131109611108	0.01914458522467863	-5.0526720720707	4.3567154956390275e-7	NA	NA	NA	NA	2.2363869161141804e-5	DOWN	4.782226929293207e-7	4	0	4	1
UBA6	4	A2780,PEO1,UWB_BRCAdef,UWB_BRCAprof	FALSE	-0.22567320690861073	0.04502997635614664	-5.0116217055887065	5.397322992913992e-7	-0.3139303387913483	-0.13741607502587316	0	1.3093661601007445	0.7269101995270515	0	-0.22567320690861073	0.04502997635614664	-5.0116217055887065	5.397322992913992e-7	NA	NA	NA	NA	2.5041595418829563e-5	DOWN	5.397322992913992e-7	4	0	4	1
VPS4A	4	A2780,PEO1,UWB_BRCAdef,UWB_BRCAprof	FALSE	0.24257116000951728	0.04846120392153101	5.005471188918285	5.572554779831735e-7	0.14758894567586528	0.3375533743431693	0	0.5249799859320564	0.9133701259807152	0	0.24257116000951728	0.04846120392153101	5.005471188918285	5.572554779831735e-7	NA	NA	NA	NA	2.5719595520387878e-5	UP	5.572554779831735e-7	4	4	0	1
FIGNL2	3	A2780,UWB_BRCAdef,UWB_BRCAprof	FALSE	0.12155242655166924	0.02434295428365553	4.993330929980121	5.934673922149633e-7	0.07384111287839937	0.16926374022493912	0	0.128444634298117	0.937796488112122	0	0.12155242655166924	0.02434295428365553	4.993330929980121	5.934673922149633e-7	NA	NA	NA	NA	2.7319591385895587e-5	UP	5.934673922149633e-7	3	3	0	1
PPP1R7	4	A2780,PEO1,UWB_BRCAdef,UWB_BRCAprof	FALSE	0.1624463213905913	0.03268852812543665	4.969520829057559	6.711856082017785e-7	0.09837798355711085	0.2265146592240717	0	2.226681619050749	0.5267120630914732	0	0.1624463213905913	0.03268852812543665	4.969520829057559	6.711856082017785e-7	NA	NA	NA	NA	3.0189689557717145e-5	UP	6.711856082017785e-7	4	4	0	1
CENPS	3	A2780,UWB_BRCAdef,UWB_BRCAprof	FALSE	0.4363840274725937	0.08796186957393057	4.961059031445663	7.01098793501753e-7	0.2639819310948802	0.6087861238503072	0	0.07343588434621484	0.9639479860826295	0	0.4363840274725937	0.08796186957393057	4.961059031445663	7.01098793501753e-7	NA	NA	NA	NA	3.145513546378297e-5	UP	7.01098793501753e-7	3	3	0	1
AK8	4	A2780,PEO1,UWB_BRCAdef,UWB_BRCAprof	FALSE	0.2567072128827605	0.05194663764872789	4.941748388387692	7.742509499640473e-7	0.1548936739733014	0.3585207517922196	0	1.999883340842943	0.5724309178693292	0	0.2567072128827605	0.05194663764872789	4.941748388387692	7.742509499640473e-7	NA	NA	NA	NA	3.413075821075926e-5	UP	7.742509499640473e-7	4	4	0	1
IGFLR1	4	A2780,PEO1,UWB_BRCAdef,UWB_BRCAprof	FALSE	0.281930694811655	0.05756020080862914	4.898014441419206	9.68099214587775e-7	0.1691147742838486	0.3947466153394614	0	2.688276069403511	0.4422233316927454	0	0.281930694811655	0.05756020080862914	4.898014441419206	9.68099214587775e-7	NA	NA	NA	NA	4.212671494160339e-5	UP	9.68099214587775e-7	4	4	0	1
SEH1L	4	A2780,PEO1,UWB_BRCAdef,UWB_BRCAprof	FALSE	-0.2407640294648247	0.04976075359104937	-4.838432139583427	1.308673620105892e-6	-0.3382933143468536	-0.14323474458279578	0.00264092616371289	4.68313810451127	0.19652502438379124	25.654203381645075	-0.24230341665507035	0.04016052658629198	-6.033372499099052	1.605726922697194e-9	NA	NA	NA	NA	5.5743189355691213e-5	DOWN	1.308673620105892e-6	4	0	4	1
CIITA	4	A2780,PEO1,UWB_BRCAdef,UWB_BRCAprof	FALSE	0.09838744053294972	0.02038510005129092	4.82643893262222	1.3899598770662438e-6	0.05843337861117391	0.13834150245472554	0	2.2955118123367946	0.5133812698442584	0	0.09838744053294972	0.02038510005129092	4.82643893262222	1.3899598770662438e-6	NA	NA	NA	NA	5.878067164330142e-5	UP	1.3899598770662438e-6	4	4	0	1
B3GLCT	3	A2780,UWB_BRCAdef,UWB_BRCAprof	FALSE	0.33112736519182223	0.06861671054290679	4.825753997413861	1.3947458295664203e-6	0.1966410837901151	0.4656136465935294	0.00234846984666434	2.0723289764339707	0.35481296474585383	11.640382063914538	0.319576909486291	0.05786283933667663	5.523007739506584	3.33245050137978e-8	NA	NA	NA	NA	5.8842296012519364e-5	UP	1.3947458295664203e-6	3	3	0	1
ZNF420	4	A2780,PEO1,UWB_BRCAdef,UWB_BRCAprof	FALSE	-0.31230358480381987	0.0654873833394033	-4.76891225268897	1.8522331082573875e-6	-0.4406564975908187	-0.18395067201682103	0.00245658512396955	4.225450730176806	0.23812610521991537	12.288152232366247	-0.315429035379985	0.05750860728149259	-5.484901309399234	4.1370031009401966e-8	NA	NA	NA	NA	7.586369970446258e-5	DOWN	1.8522331082573875e-6	4	0	4	1
CNOT6L	4	A2780,PEO1,UWB_BRCAdef,UWB_BRCAprof	FALSE	-0.2501011177061091	0.05244616948585436	-4.768720388122258	1.8539977525783696e-6	-0.3528937210254672	-0.14730851438675102	0.00128134196586663	2.971617954126396	0.3960218616200437	10.84328420972103	-0.2443233455184758	0.04835107297702393	-5.0531111405650995	4.346707865175464e-7	NA	NA	NA	NA	7.586369970446258e-5	DOWN	1.8539977525783696e-6	4	0	4	1
METTL18	4	A2780,PEO1,UWB_BRCAdef,UWB_BRCAprof	FALSE	-0.24339421880302595	0.05112302301192418	-4.760951220475666	1.926826204570304e-6	-0.34359350268720973	-0.14319493491884216	0	2.333942582698948	0.5060496135004338	0	-0.24339421880302595	0.05112302301192418	-4.760951220475666	1.926826204570304e-6	NA	NA	NA	NA	7.866167856394749e-5	DOWN	1.926826204570304e-6	4	0	4	1
TRIM31	4	A2780,PEO1,UWB_BRCAdef,UWB_BRCAprof	FALSE	0.5707312023355202	0.1199265781500046	4.759005144144508	1.9454947805687936e-6	0.33567942837238307	0.8057829762986574	0.02354093351197525	4.792437084667601	0.18764231844579005	49.521158590878706	0.661109886612761	0.03841492245702443	17.2097155044985	2.2453209635360104e-66	NA	NA	NA	NA	7.924080929980315e-5	UP	1.9454947805687936e-6	4	4	0	1
APBA3	4	A2780,PEO1,UWB_BRCAdef,UWB_BRCAprof	TRUE	0.29229188231342634	0.06149903910441483	4.752787792621683	2.0063089268918483e-6	0.17175598058495284	0.41282778404189985	0	8.822351164364825	0.0317484891612478	0	0.29229188231342634	0.06149903910441483	4.752787792621683	2.0063089268918483e-6	NA	NA	NA	NA	8.134294243272293e-5	UP	2.0063089268918483e-6	4	4	0	1
DOC2A	4	A2780,PEO1,UWB_BRCAdef,UWB_BRCAprof	FALSE	0.23028411082429032	0.04882316699774169	4.716697522611388	2.397036474950211e-6	0.13459246189753205	0.3259757597510486	0	0.940302461997372	0.8156925918877649	0	0.23028411082429032	0.04882316699774169	4.716697522611388	2.397036474950211e-6	NA	NA	NA	NA	9.521890734313457e-5	UP	2.397036474950211e-6	4	4	0	1
SVBP	3	A2780,UWB_BRCAdef,UWB_BRCAprof	FALSE	-0.20918348755786684	0.04438830240486104	-4.712581383489871	2.4459834329655574e-6	-0.2961829616062671	-0.12218401350946652	0	0.04286950190767948	0.9787933407174868	0	-0.20918348755786684	0.04438830240486104	-4.712581383489871	2.4459834329655574e-6	NA	NA	NA	NA	9.672852157613458e-5	DOWN	2.4459834329655574e-6	3	0	3	1
MGAM	4	A2780,PEO1,UWB_BRCAdef,UWB_BRCAprof	FALSE	0.17680949215831615	0.03757074995505145	4.7060410657185665	2.525736611602156e-6	0.10317217537425544	0.25044680894237686	0.0016940891967522	6.966207599189991	0.07298268626147861	23.588678081009476	0.19015898046890128	0.01589171637082769	11.96591834586066	5.360124456262883e-33	NA	NA	NA	NA	9.943751911646172e-5	UP	2.525736611602156e-6	4	4	0	1
C11orf24	4	A2780,PEO1,UWB_BRCAdef,UWB_BRCAprof	FALSE	0.197916053810972	0.04218210964451457	4.691942993816321	2.706225419745549e-6	0.1152406381158038	0.2805914695061402	5.456025339878622e-4	2.7449673608211747	0.4326395711323855	3.883297886597101	0.1945643281003523	0.03771592960364712	5.15867778270373	2.486998888187504e-7	NA	NA	NA	NA	1.0560253144556748e-4	UP	2.706225419745549e-6	4	4	0	1
IWS1	4	A2780,PEO1,UWB_BRCAdef,UWB_BRCAprof	FALSE	-0.2339777263197455	0.05090525880434869	-4.59633703502078	4.29982982861893e-6	-0.3337502001999594	-0.1342052524395316	0.00478136360952142	5.731411075261388	0.12543449077210075	46.55127194407229	-0.2312247209141577	0.03186741176333559	-7.255836232680455	3.991878339091386e-13	NA	NA	NA	NA	1.6137599125370873e-4	DOWN	4.29982982861893e-6	4	0	4	1
CDK7	4	A2780,PEO1,UWB_BRCAdef,UWB_BRCAprof	FALSE	-0.20132758226214093	0.04420163022491932	-4.554754682976365	5.244674770302507e-6	-0.28796118556093986	-0.11469397896334196	0	1.9352394933323984	0.5859561797374131	0	-0.20132758226214093	0.04420163022491932	-4.554754682976365	5.244674770302507e-6	NA	NA	NA	NA	1.931460748221613e-4	DOWN	5.244674770302507e-6	4	0	4	1
ITPA	4	A2780,PEO1,UWB_BRCAdef,UWB_BRCAprof	FALSE	-0.2218126205567537	0.04929016767812785	-4.5001392976632415	6.7908946492675684e-06	-0.3184195739978245	-0.12520566711568284	0	2.3945284089114223	0.4946539703962337	0	-0.2218126205567537	0.04929016767812785	-4.5001392976632415	6.7908946492675684e-06	NA	NA	NA	NA	2.454859810124802e-4	DOWN	6.7908946492675684e-06	4	0	4	1
TANGO6	4	A2780,PEO1,UWB_BRCAdef,UWB_BRCAprof	FALSE	0.35988409238488955	0.08022249497355355	4.486074541854255	7.254736909373897e-6	0.2026508914867791	0.517117293283	0.01162126764621305	5.421348196493497	0.14341928294211184	47.75746359336573	0.4406810526992187	0.03374571804176146	13.058873192559158	5.6558734419282664e-39	NA	NA	NA	NA	2.6012572889858493e-4	UP	7.254736909373897e-6	4	4	0	1
USP16	4	A2780,PEO1,UWB_BRCAdef,UWB_BRCAprof	FALSE	0.2796813169648532	0.06257740349235943	4.469365958896036	7.845180442358404e-6	0.15703185987379775	0.4023307740559086	0.00538191724563926	4.329204834314611	0.2280401983045021	34.41714086813323	0.27849040102541844	0.04886157395657265	5.699579004002942	1.2010365550128924e-8	NA	NA	NA	NA	2.7959527153139014e-4	UP	7.845180442358404e-6	4	4	0	1
GPATCH4	4	A2780,PEO1,UWB_BRCAdef,UWB_BRCAprof	FALSE	-0.27776643782865656	0.06234264224038615	-4.455480676574803	8.370543549562845e-6	-0.3999557713208789	-0.15557710433643424	0.00648449753103046	4.854275836281429	0.18278410833155465	42.35549928011025	-0.31059725155327095	0.03780602577810926	-8.215548848647174	2.1119605546694531e-16	NA	NA	NA	NA	2.9534151362399687e-4	DOWN	8.370543549562845e-6	4	0	4	1
KRT81	4	A2780,PEO1,UWB_BRCAdef,UWB_BRCAprof	FALSE	-0.4253382510615314	0.09563713974883235	-4.447417103633365	8.690898089662611e-6	-0.6127836005536669	-0.2378929015693959	0	0.7126741149440997	0.8702188979472545	0	-0.4253382510615314	0.09563713974883235	-4.447417103633365	8.690898089662611e-6	NA	NA	NA	NA	3.054254583120596e-4	DOWN	8.690898089662611e-6	4	0	4	1
NPIPB4	4	A2780,PEO1,UWB_BRCAdef,UWB_BRCAprof	FALSE	-0.2503133247836602	0.05742704485112205	-4.35880560165668	1.3077421169469551e-5	-0.36286826443042575	-0.13775838513689465	3.438849106192013e-7	4.310724943696716	0.2298073826711348	0.00168395318227312	-0.2503135260970171	0.05742550125745598	-4.3589262717061095	1.307021334068145e-5	NA	NA	NA	NA	4.428535900626691e-4	DOWN	1.3077421169469551e-5	4	0	4	1
C16orf70	4	A2780,PEO1,UWB_BRCAdef,UWB_BRCAprof	FALSE	0.14967085983234496	0.03448329362581861	4.340387593378905	1.4223161262346303e-5	0.08208484625742088	0.21725687340726904	0	1.7014023213508962	0.6366220725094074	0	0.14967085983234496	0.03448329362581861	4.340387593378905	1.4223161262346303e-5	NA	NA	NA	NA	4.798145451039993e-4	UP	1.4223161262346303e-5	4	4	0	1
ZBTB7A	4	A2780,PEO1,UWB_BRCAdef,UWB_BRCAprof	FALSE	0.1659274169003956	0.03856980944327734	4.302002506504904	1.692613964483325e-5	0.09033197950099917	0.2415228542997921	3.989294378552844e-6	4.632906409490736	0.20073731168561665	0.04424909056227027	0.16590163627938273	0.03854366866515318	4.304251308318562	1.6755138568159993e-5	NA	NA	NA	NA	5.57175736502267e-4	UP	1.692613964483325e-5	4	4	0	1
BCL2L10	3	A2780,UWB_BRCAdef,UWB_BRCAprof	FALSE	-0.2672512030570982	0.06301814666299552	-4.240861040967888	2.2266396145974605e-5	-0.3907645008890324	-0.143737905225164	0	0.0476021004473033	0.976479960903988	0	-0.2672512030570982	0.06301814666299552	-4.240861040967888	2.2266396145974605e-5	NA	NA	NA	NA	7.143431663745791e-4	DOWN	2.2266396145974605e-5	3	0	3	1
P2RX5-TAX1BP3	3	PEO1,UWB_BRCAdef,UWB_BRCAprof	FALSE	0.23316193456922843	0.05546341538018382	4.2038870662936745	2.623698814324003e-5	0.12445563796448324	0.34186823117397364	0	0.0143966976732978	0.9928274972228373	0	0.23316193456922843	0.05546341538018382	4.2038870662936745	2.623698814324003e-5	NA	NA	NA	NA	8.341569054101691e-4	UP	2.623698814324003e-5	3	3	0	1
PPIL6	4	A2780,PEO1,UWB_BRCAdef,UWB_BRCAprof	FALSE	-0.26275492144828855	0.0625725610409534	-4.19920356586199	2.6785543769503826e-5	-0.3853948875089913	-0.14011495538758578	0.00392820585501175	4.171824498664267	0.24349796962065481	24.531409799079697	-0.26094336045506317	0.04477216590969977	-5.828249653620855	5.601174297135214e-9	NA	NA	NA	NA	8.485449054005719e-4	DOWN	2.6785543769503826e-5	4	0	4	1
CD248	3	A2780,UWB_BRCAdef,UWB_BRCAprof	FALSE	-0.16916793106898664	0.04050607685548586	-4.1763593070869245	2.9621180857107563e-5	-0.24855838286075035	-0.08977747927722293	0	0.08365555636216618	0.9590349330912246	0	-0.16916793106898664	0.04050607685548586	-4.1763593070869245	2.9621180857107563e-5	NA	NA	NA	NA	9.316968220837908e-4	DOWN	2.9621180857107563e-5	3	0	3	1
MIEF2	4	A2780,PEO1,UWB_BRCAdef,UWB_BRCAprof	FALSE	0.4547309664967465	0.10965723277454102	4.146839702144305	3.37095892377252e-5	0.2398067396143209	0.6696551933791721	0.0192592262618669	5.009998945042664	0.17106643490000753	41.740326230229456	0.45231300975533856	0.07278818123817443	6.214099625257828	5.161977140414621e-10	NA	NA	NA	NA	0.0010490922692874443	UP	3.37095892377252e-5	4	4	0	1
MKNK2	4	A2780,PEO1,UWB_BRCAdef,UWB_BRCAprof	FALSE	0.2724040721182581	0.06581530824717313	4.138916604253058	3.489497562277114e-5	0.1434084383223968	0.40139970591411944	0	1.593396621880529	0.6608880166497195	0	0.2724040721182581	0.06581530824717313	4.138916604253058	3.489497562277114e-5	NA	NA	NA	NA	0.0010802775553130043	UP	3.489497562277114e-5	4	4	0	1
LGR6	3	A2780,UWB_BRCAdef,UWB_BRCAprof	FALSE	0.22566540617515585	0.05461986909067826	4.131562560146619	3.603055999723067e-5	0.11861242991713392	0.3327183824331777	0	0.7243430162950638	0.6961629599827064	0	0.22566540617515585	0.05461986909067826	4.131562560146619	3.603055999723067e-5	NA	NA	NA	NA	0.00111348288299134	UP	3.603055999723067e-5	3	3	0	1
WIPF2	4	A2780,PEO1,UWB_BRCAdef,UWB_BRCAprof	FALSE	0.1282197942910177	0.0313684330826462	4.08754221013201	4.359673718769345e-5	0.06673879519757642	0.189700793384459	0	0.596927251079646	0.8971354474034023	0	0.1282197942910177	0.0313684330826462	4.08754221013201	4.359673718769345e-5	NA	NA	NA	NA	0.0013333209745101334	UP	4.359673718769345e-5	4	4	0	1
HSPA6	4	A2780,PEO1,UWB_BRCAdef,UWB_BRCAprof	FALSE	-0.12478981648378153	0.03060770273189072	-4.077072283956833	4.5606318141367935e-5	-0.18477981148779551	-0.06479982147976748	0	0.5870945221552326	0.8993803275540624	0	-0.12478981648378153	0.03060770273189072	-4.077072283956833	4.5606318141367935e-5	NA	NA	NA	NA	0.0013875781166694681	DOWN	4.5606318141367935e-5	4	0	4	1
CSNK2A2	4	A2780,PEO1,UWB_BRCAdef,UWB_BRCAprof	FALSE	-0.2444152147703834	0.06019314079888104	-4.060516057585866	4.8964369389153984e-5	-0.36239160285253874	-0.12643882668822803	0.00688909387699489	5.709964312166115	0.1266060538617507	48.00182478875459	-0.22798387712492416	0.04180239535979981	-5.453847205707494	4.9291560219663954e-8	NA	NA	NA	NA	0.0014745198597820698	DOWN	4.8964369389153984e-5	4	0	4	1
BCL6B	3	A2780,UWB_BRCAdef,UWB_BRCAprof	FALSE	-0.12928268880051322	0.03187369088797875	-4.056094076298911	4.990016739896955e-5	-0.19175397499531407	-0.06681140260571236	0	0.8872096510825704	0.6417189616709129	0	-0.12928268880051322	0.03187369088797875	-4.056094076298911	4.990016739896955e-5	NA	NA	NA	NA	0.001497598063007784	DOWN	4.990016739896955e-5	3	0	3	1
TAS2R20	3	A2780,UWB_BRCAdef,UWB_BRCAprof	FALSE	-0.2907793933991313	0.07224614490202373	-4.024843038939592	5.701332988253372e-5	-0.43237923542895984	-0.14917955136930275	0	1.1063489719205373	0.5751211952997387	0	-0.2907793933991313	0.07224614490202373	-4.024843038939592	5.701332988253372e-5	NA	NA	NA	NA	0.001676912865779615	DOWN	5.701332988253372e-5	3	0	3	1
TDP2	4	A2780,PEO1,UWB_BRCAdef,UWB_BRCAprof	FALSE	0.1942689398474741	0.04847143132585078	4.007905987786801	6.12594950334599e-5	0.09926668016969996	0.28927119952524816	0.00250172181635464	3.666163172874264	0.2998420883114627	24.387738233118025	0.2084596391903594	0.03648156970166399	5.714108271521309	1.1028077058830557e-8	NA	NA	NA	NA	0.0017810593646488003	UP	6.12594950334599e-5	4	4	0	1
FUT10	4	A2780,PEO1,UWB_BRCAdef,UWB_BRCAprof	FALSE	-0.3158294211668887	0.07956090004445679	-3.96965621291879	7.197640616473702e-5	-0.4717659198316152	-0.15989292250216225	0.0113583615729658	5.895498528631864	0.1168066283715806	45.191339984941415	-0.31900714353397663	0.04565008277040023	-6.98809562161019	2.7864246306471002e-12	NA	NA	NA	NA	0.002058781443000091	DOWN	7.197640616473702e-5	4	0	4	1
SVIP	4	A2780,PEO1,UWB_BRCAdef,UWB_BRCAprof	FALSE	0.15599984721500096	0.03971289404975779	3.928191358190688	8.558709973435857e-5	0.07816400515562068	0.23383568927438125	0	2.343181179366544	0.5042990485396283	0	0.15599984721500096	0.03971289404975779	3.928191358190688	8.558709973435857e-5	NA	NA	NA	NA	0.002401465336514693	UP	8.558709973435857e-5	4	4	0	1
PAPSS1	4	A2780,PEO1,UWB_BRCAdef,UWB_BRCAprof	FALSE	0.15535768294102334	0.03965489239625537	3.9177431472665862	8.938187087877933e-5	0.07763552203355158	0.23307984384849512	0.0018804107612937	3.7262960892840824	0.29257631157957625	24.792436612804465	0.1762545936945332	0.02408162046384476	7.319050391943315	2.497318137977287e-13	NA	NA	NA	NA	0.002488194222872728	UP	8.938187087877933e-5	4	4	0	1
PITPNC1	4	A2780,PEO1,UWB_BRCAdef,UWB_BRCAprof	FALSE	0.12126653240353004	0.03112496215417934	3.8961182282834304	9.77466877790918e-5	0.06026272756116631	0.18227033724589375	5.296721186660392e-6	3.7029939197659223	0.2953729809320901	0.07651347378992099	0.12126972492846548	0.03107549582004098	3.9024228488820145	9.523459827793082e-5	NA	NA	NA	NA	0.002678865426156598	UP	9.77466877790918e-5	4	4	0	1
VAPA	4	A2780,PEO1,UWB_BRCAdef,UWB_BRCAprof	FALSE	-0.18590122218714455	0.047818795252524	-3.8876182723848984	1.0123266442871202e-4	-0.2796243386661865	-0.0921781057081026	0.00324025555520223	4.9307202887727115	0.1769410066942879	35.40350905513724	-0.18100102965576848	0.03730807747920571	-4.851523902743379	1.2251644082732814e-6	NA	NA	NA	NA	0.002757303249778648	DOWN	1.0123266442871202e-4	4	0	4	1
SELENOS	3	A2780,UWB_BRCAdef,UWB_BRCAprof	FALSE	-0.24195166205723095	0.06277463651672774	-3.8542901318553615	1.1606589403948156e-4	-0.36498768877261023	-0.11891563534185168	0.00343765223761306	2.652635225465634	0.2654529643550052	25.16518640268142	-0.22608317199993755	0.04765463210559403	-4.74420139261548	2.0933051328087097e-6	NA	NA	NA	NA	0.0031086315286907814	DOWN	1.1606589403948156e-4	3	0	3	1
WDR91	4	A2780,PEO1,UWB_BRCAdef,UWB_BRCAprof	FALSE	0.1625466852383478	0.04270026424070629	3.806690383039634	1.4083888278440142e-4	0.07885570519621993	0.2462376652804757	0	2.3175464164808863	0.5091678160600968	0	0.1625466852383478	0.04270026424070629	3.806690383039634	1.4083888278440142e-4	NA	NA	NA	NA	0.00363977913885945	UP	1.4083888278440142e-4	4	4	0	1
CAMKV	3	A2780,UWB_BRCAdef,UWB_BRCAprof	FALSE	0.0785324780124046	0.02096717330266938	3.7454966808714474	1.8003722762385986e-4	0.03743757348156287	0.11962738254324631	0	0.01318072083394826	0.9934313083803792	0	0.0785324780124046	0.02096717330266938	3.7454966808714474	1.8003722762385986e-4	NA	NA	NA	NA	0.004520622262367856	UP	1.8003722762385986e-4	3	3	0	1
RBM4	4	A2780,PEO1,UWB_BRCAdef,UWB_BRCAprof	FALSE	0.1882728089744722	0.05060056804945971	3.7207647311477663	1.9862041143172313e-4	0.08909751800026301	0.2874480999486814	0.00415116561722161	4.958337388131493	0.1748734296394691	40.971803093232225	0.17323841590302386	0.03635654300786557	4.7649859301954125	1.888668280354635e-6	NA	NA	NA	NA	0.00492428192549589	UP	1.9862041143172313e-4	4	4	0	1
FIG4	4	A2780,PEO1,UWB_BRCAdef,UWB_BRCAprof	FALSE	0.11731365150049616	0.03226830337659593	3.635569249841107	2.773674692948448e-4	0.05406893904015592	0.1805583639608364	2.5815429056516723e-6	4.574025244230305	0.20578168419891715	0.04442102844697841	0.1173020814732783	0.0322497871257898	3.637297853029023	2.7551326688145874e-4	NA	NA	NA	NA	0.006581241281510029	UP	2.773674692948448e-4	4	4	0	1
NKAIN2	3	A2780,UWB_BRCAdef,UWB_BRCAprof	FALSE	0.08357535523413034	0.02300343311227443	3.6331687894680065	2.7996174745713857e-4	0.03848945481329634	0.1286612556549643	0	0.7458709862397845	0.6887096579224115	0	0.08357535523413034	0.02300343311227443	3.6331687894680065	2.7996174745713857e-4	NA	NA	NA	NA	0.006616154825935613	UP	2.7996174745713857e-4	3	3	0	1
USP6	4	A2780,PEO1,UWB_BRCAdef,UWB_BRCAprof	FALSE	0.0799881315193867	0.02208664879340267	3.6215603493128983	2.9283147385177646e-4	0.03669909534513242	0.12327716769364098	0	0.3482075613328144	0.9507209508032464	0	0.0799881315193867	0.02208664879340267	3.6215603493128983	2.9283147385177646e-4	NA	NA	NA	NA	0.006865228068007763	UP	2.9283147385177646e-4	4	4	0	1
WASHC3	3	A2780,UWB_BRCAdef,UWB_BRCAprof	FALSE	0.28301184788255074	0.07841242399184967	3.609273039588312	3.0705628813877065e-4	0.12932632091804094	0.4366973748470605	0.00893015836174597	3.903563829451798	0.14202077706488114	46.90436949875405	0.2930920367769357	0.04854221216194466	6.037879687047086	1.561524183974864e-9	NA	NA	NA	NA	0.007124076851355417	UP	3.0705628813877065e-4	3	3	0	1
COLEC10	3	A2780,UWB_BRCAdef,UWB_BRCAprof	FALSE	-0.08363711271836904	0.02342460675329426	-3.5704809732443827	3.563263379181585e-4	-0.1295484983068395	-0.03772572712989856	0	0.1250891236003892	0.9393712018089784	0	-0.08363711271836904	0.02342460675329426	-3.5704809732443827	3.563263379181585e-4	NA	NA	NA	NA	0.008096119120024791	DOWN	3.563263379181585e-4	3	0	3	1
GON7	3	A2780,UWB_BRCAdef,UWB_BRCAprof	FALSE	0.23765096923703147	0.06659347122141229	3.568682708352614	3.587806107053818e-4	0.10713016403755882	0.3681717744365041	0	1.777601338429997	0.4111485602992194	0	0.23765096923703147	0.06659347122141229	3.568682708352614	3.587806107053818e-4	NA	NA	NA	NA	0.008130980583896196	UP	3.587806107053818e-4	3	3	0	1
NIF3L1	4	A2780,PEO1,UWB_BRCAdef,UWB_BRCAprof	FALSE	0.18893532939316215	0.05358046709358963	3.526197878475875	4.215718563057482e-4	0.08391954361489301	0.29395111517143135	0.0047732775988753	5.023335125987688	0.1700963846541606	41.6835967067911	0.20592834469701213	0.0389750420969558	5.283595183418581	1.2667300021192482e-7	NA	NA	NA	NA	0.009373743023794606	UP	4.215718563057482e-4	4	4	0	1
SFTPD	3	A2780,UWB_BRCAdef,UWB_BRCAprof	FALSE	0.113631384275259	0.03234116743188811	3.513521412440401	4.422087705794247e-4	0.05024386089077856	0.17701890765973946	0	0.7752467199081134	0.6786679086452969	0	0.113631384275259	0.03234116743188811	3.513521412440401	4.422087705794247e-4	NA	NA	NA	NA	0.009795644658562018	UP	4.422087705794247e-4	3	3	0	1
C20orf203	3	A2780,UWB_BRCAdef,UWB_BRCAprof	FALSE	-0.06663194326642256	0.0189950340560379	-3.5078612162446965	4.517246397779232e-4	-0.10386152590136864	-0.02940236063147648	0	0.47204335031844913	0.7897635554964659	0	-0.06663194326642256	0.0189950340560379	-3.5078612162446965	4.517246397779232e-4	NA	NA	NA	NA	0.00996895937247734	DOWN	4.517246397779232e-4	3	0	3	1
TAF7L	3	A2780,UWB_BRCAdef,UWB_BRCAprof	FALSE	-0.1115892453452104	0.03271418335195249	-3.411035639945155	6.471663171297692e-4	-0.1757078664986771	-0.04747062419174369	0	0.04863161191807352	0.9759774415920692	0	-0.1115892453452104	0.03271418335195249	-3.411035639945155	6.471663171297692e-4	NA	NA	NA	NA	0.013317763664613421	DOWN	6.471663171297692e-4	3	0	3	1
CCDC12	4	A2780,PEO1,UWB_BRCAdef,UWB_BRCAprof	FALSE	0.2738261707231026	0.08134217184640413	3.3663493918033067	7.617016360695448e-4	0.1143984434798826	0.43325389796632263	5.4186077291708504e-6	3.3931946200007346	0.3348808849866278	0.01757681897518744	0.27382106143483353	0.0813303080027155	3.366777627667303	7.605198724427328e-4	NA	NA	NA	NA	0.015300681614546981	UP	7.617016360695448e-4	4	4	0	1
SLC13A3	3	A2780,UWB_BRCAdef,UWB_BRCAprof	FALSE	0.7591370085050371	0.22629191746585112	3.354680171551401	7.945679143043054e-4	0.31561300027945843	1.2026610167306158	0.06409357789828826	2.085841861930869	0.3524237715753629	23.665278048510476	0.89686691468918045	0.03385115657735784	26.494424574227736	1.1237736317671284e-154	NA	NA	NA	NA	0.015817091240041898	UP	7.945679143043054e-4	3	3	0	1
EPHX3	4	A2780,PEO1,UWB_BRCAdef,UWB_BRCAprof	FALSE	-0.09139026407276214	0.02730840981601649	-3.346597794909368	8.180981667699829e-4	-0.14491376378721454	-0.03786676435830974	0	0.7775202635177124	0.8548359849473717	0	-0.09139026407276214	0.02730840981601649	-3.346597794909368	8.180981667699829e-4	NA	NA	NA	NA	0.016176198315428398	DOWN	8.180981667699829e-4	4	0	4	1
EXOSC7	4	A2780,PEO1,UWB_BRCAdef,UWB_BRCAprof	FALSE	-0.18018820971904148	0.05386096640426621	-3.345432170054215	8.215445097795721e-4	-0.28575376404392505	-0.0746226553941579	0	2.114791400575822	0.5489261632421895	0	-0.18018820971904148	0.05386096640426621	-3.345432170054215	8.215445097795721e-4	NA	NA	NA	NA	0.016226192513266475	DOWN	8.215445097795721e-4	4	0	4	1
EIF3I	4	A2780,PEO1,UWB_BRCAdef,UWB_BRCAprof	FALSE	-0.0897470769235297	0.02720375985901435	-3.2990688562408677	9.700611365946564e-4	-0.14306546649127425	-0.03642868735578516	0	0.6367749122933313	0.8879643656575786	0	-0.0897470769235297	0.02720375985901435	-3.2990688562408677	9.700611365946564e-4	NA	NA	NA	NA	0.018578299795865377	DOWN	9.700611365946564e-4	4	0	4	1
DSC1	4	A2780,PEO1,UWB_BRCAdef,UWB_BRCAprof	FALSE	-0.08110419367726338	0.02466257056126697	-3.288553943547111	0.00100703484350808	-0.1294419437435244	-0.03276644361100234	0	0.270119471489696	0.9655466150244916	0	-0.08110419367726338	0.02466257056126697	-3.288553943547111	0.00100703484350808	NA	NA	NA	NA	0.019182494535228804	DOWN	0.00100703484350808	4	0	4	1
SNUPN	4	A2780,PEO1,UWB_BRCAdef,UWB_BRCAprof	FALSE	0.21291140806633907	0.0647790660717104	3.286731670855616	0.001013573633444	0.08594677161364614	0.339876044519032	0.00716428232359685	5.14598582279445	0.16141418591275516	41.77429002251366	0.2535731746212274	0.03327025140959728	7.621618829970146	2.5051386892581256e-14	NA	NA	NA	NA	0.019286266004725067	UP	0.001013573633444	4	4	0	1
PDCL3	4	A2780,PEO1,UWB_BRCAdef,UWB_BRCAprof	FALSE	0.15388300002302824	0.04724949661283324	3.25681776641897	0.00112668741350682	0.06127568837422782	0.2464903116718287	0	1.096426975225194	0.7779366953370319	0	0.15388300002302824	0.04724949661283324	3.25681776641897	0.00112668741350682	NA	NA	NA	NA	0.021031101804181686	UP	0.00112668741350682	4	4	0	1
RYR1	3	A2780,UWB_BRCAdef,UWB_BRCAprof	FALSE	0.6881316653756026	0.21244953260105595	3.2390359110264395	0.00119934471809488	0.27173823294516486	1.1045250978060404	0.06738517150961285	3.094464527987794	0.212836233884874	42.240944414181165	0.856877695625716	0.04927257404373442	17.39056081919223	9.727772658308367e-68	NA	NA	NA	NA	0.022176586382597483	UP	0.00119934471809488	3	3	0	1
SMIM4	4	A2780,PEO1,UWB_BRCAdef,UWB_BRCAprof	FALSE	0.29088153792778865	0.09082787591769956	3.2025579701033693	0.00136212881913538	0.1128621723368246	0.4689009035187527	0.01398019690601272	5.321241141760592	0.14973000864984204	44.25914885703118	0.24705748093424923	0.05900078152822977	4.187359464315588	2.82218660982017e-5	NA	NA	NA	NA	0.02469224838819823	UP	0.00136212881913538	4	4	0	1
ALKBH4	4	A2780,PEO1,UWB_BRCAdef,UWB_BRCAprof	FALSE	0.23880389438291488	0.07457157448775761	3.2023448079686077	0.00136313726892251	0.09264629411646404	0.3849614946493657	2.8602593978855504e-6	3.710380595452807	0.29448387142386456	0.01037152408940557	0.23879624938440427	0.07456399649375103	3.2025677352798145	0.00136208263750321	NA	NA	NA	NA	0.02469224838819823	UP	0.00136313726892251	4	4	0	1
AGBL2	4	A2780,PEO1,UWB_BRCAdef,UWB_BRCAprof	FALSE	0.17566185556638209	0.05526014264248483	3.1788165423831285	0.00147877654044691	0.06735396620656578	0.2839697449261984	0.00158104304967173	2.6799723565693565	0.4436415188928804	10.81986305429833	0.1737149988068722	0.04828695245665261	3.5975556536274853	3.212217781681437e-4	NA	NA	NA	NA	0.026377732497961687	UP	0.00147877654044691	4	4	0	1
ODF2L	4	A2780,PEO1,UWB_BRCAdef,UWB_BRCAprof	FALSE	-0.20086916974230856	0.06394146154409965	-3.1414541502741775	0.00168111128202431	-0.32619213148759674	-0.07554620799702039	0.00720737292794004	5.5268820803737455	0.1370395831028686	44.33323928117883	-0.19835766855669115	0.04635339997602278	-4.27924744806844	1.8752628770616932e-5	NA	NA	NA	NA	0.029261676951008744	DOWN	0.00168111128202431	4	0	4	1
SMIM24	3	A2780,UWB_BRCAdef,UWB_BRCAprof	FALSE	-0.14429351735542228	0.04614231340629924	-3.127140940786113	0.0017651528510113	-0.23473078979512849	-0.05385624491571608	2.1579934479985193e-6	3.3325623661209733	0.1889484253210981	7.291823982013666e-4	-0.1442910853662595	0.04611925983553568	-3.128651367797554	0.00175610533736122	NA	NA	NA	NA	0.030503980518765485	DOWN	0.0017651528510113	3	0	3	1
PI16	3	A2780,UWB_BRCAdef,UWB_BRCAprof	FALSE	0.11324014233496207	0.03671336464960676	3.0844392339337117	0.00203936265558265	0.04128326987044686	0.1851970147994773	0	0.0096818866683678	0.9951707551471572	0	0.11324014233496207	0.03671336464960676	3.0844392339337117	0.00203936265558265	NA	NA	NA	NA	0.034431531674053974	UP	0.00203936265558265	3	3	0	1
HEXIM2	4	A2780,PEO1,UWB_BRCAdef,UWB_BRCAprof	FALSE	0.23966117609123483	0.07995286505699484	2.997530806687053	0.00272176348416798	0.08295644011873399	0.39636591206373567	0.0072568886575152	3.41237500439807	0.3323058696250969	27.942073562795535	0.24184041571654497	0.05646862270910925	4.282739760846556	1.8460603864484627e-5	NA	NA	NA	NA	0.043266738407947286	UP	0.00272176348416798	4	4	0	1
SLTM	4	A2780,PEO1,UWB_BRCAdef,UWB_BRCAprof	FALSE	-0.10350171239742496	0.03465417979658749	-2.9867021238118325	0.0028200435037028	-0.171422656712512	-0.03558076808233791	0	0.4660493862353446	0.9262843340518756	0	-0.10350171239742496	0.03465417979658749	-2.9867021238118325	0.0028200435037028	NA	NA	NA	NA	0.04435045286027971	DOWN	0.0028200435037028	4	0	4	1
PRSS36	4	A2780,PEO1,UWB_BRCAdef,UWB_BRCAprof	FALSE	-0.14192140034739373	0.04794810445313299	-2.959895953470177	0.00307742957115706	-0.23589795820249895	-0.04794484249228849	0	0.5839299116592165	0.9001011954865434	0	-0.14192140034739373	0.04794810445313299	-2.959895953470177	0.00307742957115706	NA	NA	NA	NA	0.04751067469811646	DOWN	0.00307742957115706	4	0	4	1
